week,quarter,btc_usd,btc_difficulty_T,btc_hashrate_EHs,btc_block_subsidy,btc_fee_share,btc_hashprice_usd_th_day,btc_hashprice_usd_ph_day,asic_price_usd_th_old,asic_price_usd_th_mid,asic_price_usd_th_new,asic_price_usd_th_latest,gpu_h100_hyperscaler_usd_hr,gpu_h100_neocloud_usd_hr,gpu_h100_spot_usd_hr,estimate
2022-10-03,2022Q4,19700,31.52,225.63,6.25,0.02,0.0802,80.18,2.0,8.5,17.0,22.0,,,,True
2022-10-10,2022Q4,19150,35.61,254.91,6.25,0.021,0.0691,69.06,2.0,8.5,17.0,22.0,,,,True
2022-10-17,2022Q4,19200,35.61,254.91,6.25,0.0205,0.0692,69.21,2.0,8.5,17.0,22.0,,,,True
2022-10-24,2022Q4,20200,36.84,263.71,6.25,0.0193,0.0703,70.3,2.0,8.5,17.0,22.0,,,,True
2022-10-31,2022Q4,20500,36.84,263.71,6.25,0.0191,0.0713,71.33,2.0,8.5,17.0,22.0,,,,True
2022-11-07,2022Q4,17500,36.76,263.14,6.25,0.0202,0.0611,61.09,2.0,8.5,17.0,22.0,,,,True
2022-11-14,2022Q4,16600,36.76,263.14,6.25,0.021,0.058,57.99,2.0,8.5,17.0,22.0,,,,True
2022-11-21,2022Q4,16200,34.09,244.03,6.25,0.0203,0.061,60.99,2.0,8.5,17.0,22.0,,,,True
2022-11-28,2022Q4,16900,34.09,244.03,6.25,0.0192,0.0635,63.55,2.0,8.5,17.0,22.0,,,,True
2022-12-05,2022Q4,17100,34.24,245.1,6.25,0.0192,0.064,64.02,2.0,8.5,17.0,22.0,,,,True
2022-12-12,2022Q4,17500,34.24,245.1,6.25,0.0204,0.0656,65.6,2.0,8.5,17.0,22.0,,,,True
2022-12-19,2022Q4,16800,35.4,253.4,6.25,0.021,0.0609,60.95,2.0,8.5,17.0,22.0,,,,True
2022-12-26,2022Q4,16547,35.4,253.4,6.25,0.0201,0.06,59.97,2.0,8.5,17.0,22.0,,,,True
2023-01-02,2023Q1,17456.18,36.031,257.92,6.25,0.0189,0.0621,62.09,1.8,8.125,16.0,22.0,,,,True
2023-01-09,2023Q1,17983.56,36.662,262.44,6.25,0.0191,0.0629,62.87,1.8,8.125,16.0,22.0,,,,True
2023-01-16,2023Q1,19571.21,37.292,266.95,6.25,0.0201,0.0673,67.34,1.8,8.125,16.0,22.0,,,,True
2023-01-23,2023Q1,20727.26,37.923,271.46,6.25,0.0203,0.0701,70.14,1.8,8.125,16.0,22.0,,,,True
2023-01-30,2023Q1,21005.3,38.554,275.98,6.25,0.0191,0.0698,69.83,1.8,8.125,16.0,22.0,,,,True
2023-02-06,2023Q1,21832.31,39.185,280.5,6.25,0.0181,0.0713,71.34,1.8,8.125,16.0,22.0,,,,True
2023-02-13,2023Q1,23574.04,39.815,285.01,6.25,0.0185,0.0758,75.85,1.8,8.125,16.0,22.0,,,,True
2023-02-20,2023Q1,24573.68,40.446,289.52,6.25,0.0195,0.0779,77.91,1.8,8.125,16.0,22.0,,,,True
2023-02-27,2023Q1,24587.91,41.077,294.04,6.25,0.0194,0.0767,76.75,1.8,8.125,16.0,22.0,,,,True
2023-03-06,2023Q1,25998.57,41.708,298.56,6.25,0.0182,0.0798,79.83,1.8,8.125,16.0,22.0,,,,True
2023-03-13,2023Q1,27680.02,42.338,303.07,6.25,0.0174,0.0837,83.66,1.8,8.125,16.0,22.0,,,,True
2023-03-20,2023Q1,28165.0,42.969,307.58,6.25,0.018,0.0839,83.92,1.8,8.125,16.0,22.0,,,,True
2023-03-27,2023Q1,28478.0,43.6,312.1,6.25,0.0188,0.0837,83.69,1.8,8.125,16.0,22.0,,,,True
2023-04-03,2023Q2,29294.39,44.392,317.77,6.25,0.0188,0.0846,84.56,1.6,7.75,15.0,22.0,,,,True
2023-04-10,2023Q2,29756.31,45.185,323.45,6.25,0.0178,0.0843,84.3,1.6,7.75,15.0,22.0,,,,True
2023-04-17,2023Q2,28906.12,45.977,329.12,6.25,0.0176,0.0805,80.46,1.6,7.75,15.0,22.0,,,,True
2023-04-24,2023Q2,28728.68,46.769,334.79,6.25,0.0186,0.0787,78.69,1.6,7.75,15.0,22.0,,,,True
2023-05-01,2023Q2,29935.51,47.562,340.46,6.25,0.0197,0.0807,80.72,1.6,7.75,15.0,22.0,,,,True
2023-05-08,2023Q2,29953.24,48.354,346.13,6.25,0.0194,0.0794,79.42,1.6,7.75,15.0,22.0,,,,True
2023-05-15,2023Q2,28888.16,49.146,351.8,6.25,0.0184,0.0753,75.29,1.6,7.75,15.0,22.0,,,,True
2023-05-22,2023Q2,29160.69,49.938,357.47,6.25,0.0184,0.0748,74.79,1.6,7.75,15.0,22.0,,,,True
2023-05-29,2023Q2,30222.34,50.731,363.15,6.25,0.0196,0.0764,76.4,1.6,7.75,15.0,22.0,,,,True
2023-06-05,2023Q2,29774.13,51.523,368.82,6.25,0.0205,0.0742,74.18,1.6,7.75,15.0,22.0,,,,True
2023-06-12,2023Q2,28853.93,52.315,374.49,6.25,0.02,0.0708,70.76,1.6,7.75,15.0,22.0,,,,True
2023-06-19,2023Q2,29778.41,53.108,380.16,6.25,0.019,0.0719,71.86,1.6,7.75,15.0,22.0,,,,True
2023-06-26,2023Q2,30477.0,53.9,385.83,6.25,0.0192,0.0725,72.48,1.6,7.75,15.0,22.0,,,,True
2023-07-03,2023Q3,29370.46,54.446,389.74,6.25,0.0206,0.0692,69.25,1.4,7.375,14.0,22.0,9.5,6.5,5.0,True
2023-07-10,2023Q3,28742.5,54.992,393.65,6.25,0.0213,0.0671,67.14,1.4,7.375,14.0,22.0,9.5,6.5,5.0,True
2023-07-17,2023Q3,29574.61,55.538,397.56,6.25,0.0206,0.0684,68.36,1.4,7.375,14.0,22.0,9.5,6.5,5.0,True
2023-07-24,2023Q3,29561.87,56.085,401.47,6.25,0.0197,0.0676,67.6,1.4,7.375,14.0,22.0,9.5,6.5,5.0,True
2023-07-31,2023Q3,28471.08,56.631,405.38,6.25,0.0201,0.0645,64.51,1.4,7.375,14.0,22.0,9.5,6.5,5.0,True
2023-08-07,2023Q3,28455.55,57.177,409.29,6.25,0.0216,0.064,63.95,1.4,7.375,14.0,22.0,9.5,6.5,5.0,True
2023-08-14,2023Q3,29118.6,57.723,413.2,6.25,0.0221,0.0649,64.86,1.4,7.375,14.0,22.0,9.5,6.5,5.0,True
2023-08-21,2023Q3,28594.21,58.269,417.11,6.25,0.0211,0.063,63.03,1.4,7.375,14.0,22.0,9.5,6.5,5.0,True
2023-08-28,2023Q3,27645.3,58.815,421.01,6.25,0.0203,0.0603,60.32,1.4,7.375,14.0,22.0,9.5,6.5,5.0,True
2023-09-04,2023Q3,27996.26,59.362,424.93,6.25,0.0211,0.0606,60.57,1.4,7.375,14.0,22.0,9.5,6.5,5.0,True
2023-09-11,2023Q3,28496.31,59.908,428.84,6.25,0.0225,0.0612,61.18,1.4,7.375,14.0,22.0,9.5,6.5,5.0,True
2023-09-18,2023Q3,27580.61,60.454,432.75,6.25,0.0227,0.0587,58.69,1.4,7.375,14.0,22.0,9.5,6.5,5.0,True
2023-09-25,2023Q3,26967.0,61.0,436.66,6.25,0.0216,0.0568,56.81,1.4,7.375,14.0,22.0,9.5,6.5,5.0,True
2023-10-02,2023Q4,28863.6,61.846,442.71,6.25,0.0262,0.0603,60.26,1.2,7.0,13.0,22.0,7.5,5.0,3.5,True
2023-10-09,2023Q4,30436.06,62.692,448.77,6.25,0.0329,0.0631,63.12,1.2,7.0,13.0,22.0,7.5,5.0,3.5,True
2023-10-16,2023Q4,30281.3,63.538,454.82,6.25,0.0406,0.0625,62.46,1.2,7.0,13.0,22.0,7.5,5.0,3.5,True
2023-10-23,2023Q4,31318.64,64.385,460.89,6.25,0.046,0.0641,64.11,1.2,7.0,13.0,22.0,7.5,5.0,3.5,True
2023-10-30,2023Q4,33475.37,65.231,466.94,6.25,0.0488,0.0678,67.83,1.2,7.0,13.0,22.0,7.5,5.0,3.5,True
2023-11-06,2023Q4,34426.76,66.077,473.0,6.25,0.053,0.0692,69.17,1.2,7.0,13.0,22.0,7.5,5.0,3.5,True
2023-11-13,2023Q4,34398.28,66.923,479.05,6.25,0.0613,0.0688,68.84,1.2,7.0,13.0,22.0,7.5,5.0,3.5,True
2023-11-20,2023Q4,35912.39,67.769,485.11,6.25,0.0701,0.0716,71.65,1.2,7.0,13.0,22.0,7.5,5.0,3.5,True
2023-11-27,2023Q4,38239.98,68.615,491.17,6.25,0.0744,0.0757,75.7,1.2,7.0,13.0,22.0,7.5,5.0,3.5,True
2023-12-04,2023Q4,38138.79,69.462,497.23,6.25,0.0755,0.0747,74.67,1.2,7.0,13.0,22.0,7.5,5.0,3.5,True
2023-12-11,2023Q4,38231.49,70.308,503.28,6.25,0.0801,0.0743,74.32,1.2,7.0,13.0,22.0,7.5,5.0,3.5,True
2023-12-18,2023Q4,40497.15,71.154,509.34,6.25,0.0904,0.0787,78.67,1.2,7.0,13.0,22.0,7.5,5.0,3.5,True
2023-12-25,2023Q4,42265.0,72.0,515.4,6.25,0.0997,0.082,81.98,1.2,7.0,13.0,22.0,7.5,5.0,3.5,True
2024-01-01,2024Q1,42926.05,72.854,521.51,6.25,0.0926,0.0816,81.64,0.95,6.0,11.25,19.5,7.0,4.5,3.0,True
2024-01-08,2024Q1,45150.15,73.708,527.62,6.25,0.0837,0.0841,84.05,0.95,6.0,11.25,19.5,7.0,4.5,3.0,True
2024-01-15,2024Q1,48901.1,74.562,533.74,6.25,0.0803,0.0897,89.66,0.95,6.0,11.25,19.5,7.0,4.5,3.0,True
2024-01-22,2024Q1,51305.13,75.415,539.84,6.25,0.0813,0.0931,93.1,0.95,6.0,11.25,19.5,7.0,4.5,3.0,True
2024-01-29,2024Q1,52064.91,76.269,545.95,6.25,0.0795,0.0932,93.24,0.95,6.0,11.25,19.5,7.0,4.5,3.0,True
2024-02-05,2024Q1,55039.98,77.123,552.07,6.25,0.0723,0.0967,96.72,0.95,6.0,11.25,19.5,7.0,4.5,3.0,True
2024-02-12,2024Q1,59538.33,77.977,558.18,6.25,0.0649,0.1027,102.66,0.95,6.0,11.25,19.5,7.0,4.5,3.0,True
2024-02-19,2024Q1,60551.4,78.831,564.29,6.25,0.0623,0.103,102.99,0.95,6.0,11.25,19.5,7.0,4.5,3.0,True
2024-02-26,2024Q1,61437.27,79.685,570.41,6.25,0.0622,0.1034,103.37,0.95,6.0,11.25,19.5,7.0,4.5,3.0,True
2024-03-04,2024Q1,65513.2,80.538,576.51,6.25,0.0592,0.1087,108.71,0.95,6.0,11.25,19.5,7.0,4.5,3.0,True
2024-03-11,2024Q1,69266.19,81.392,582.63,6.25,0.0524,0.1129,112.91,0.95,6.0,11.25,19.5,7.0,4.5,3.0,True
2024-03-18,2024Q1,69505.7,82.246,588.74,6.25,0.0464,0.1114,111.42,0.95,6.0,11.25,19.5,7.0,4.5,3.0,True
2024-03-25,2024Q1,71333.0,83.1,594.85,6.25,0.0441,0.1129,112.9,0.95,6.0,11.25,19.5,7.0,4.5,3.0,True
2024-04-01,2024Q2,72864.93,83.2,595.57,6.25,0.0455,0.1154,115.36,0.7,5.0,9.5,17.0,6.5,4.0,2.5,True
2024-04-08,2024Q2,72123.4,83.3,596.28,6.25,0.0445,0.1139,113.93,0.7,5.0,9.5,17.0,6.5,4.0,2.5,True
2024-04-15,2024Q2,68825.84,83.4,597.0,6.25,0.0409,0.1082,108.18,0.7,5.0,9.5,17.0,6.5,4.0,2.5,True
2024-04-22,2024Q2,68592.06,83.5,597.72,3.125,0.0384,0.0537,53.7,0.7,5.0,9.5,17.0,6.5,4.0,2.5,True
2024-04-29,2024Q2,70049.51,83.6,598.43,3.125,0.0388,0.0548,54.8,0.7,5.0,9.5,17.0,6.5,4.0,2.5,True
2024-05-06,2024Q2,68137.11,83.7,599.15,3.125,0.0398,0.0533,53.3,0.7,5.0,9.5,17.0,6.5,4.0,2.5,True
2024-05-13,2024Q2,65255.06,83.8,599.86,3.125,0.0382,0.0509,50.9,0.7,5.0,9.5,17.0,6.5,4.0,2.5,True
2024-05-20,2024Q2,65893.27,83.9,600.58,3.125,0.0348,0.0512,51.15,0.7,5.0,9.5,17.0,6.5,4.0,2.5,True
2024-05-27,2024Q2,67001.91,84.0,601.3,3.125,0.0329,0.0518,51.85,0.7,5.0,9.5,17.0,6.5,4.0,2.5,True
2024-06-03,2024Q2,63846.5,84.1,602.01,3.125,0.0335,0.0494,49.38,0.7,5.0,9.5,17.0,6.5,4.0,2.5,True
2024-06-10,2024Q2,62257.19,84.2,602.73,3.125,0.0339,0.0481,48.11,0.7,5.0,9.5,17.0,6.5,4.0,2.5,True
2024-06-17,2024Q2,63108.55,84.3,603.44,3.125,0.032,0.0486,48.62,0.7,5.0,9.5,17.0,6.5,4.0,2.5,True
2024-06-24,2024Q2,62678.0,84.4,604.16,3.125,0.029,0.0481,48.08,0.7,5.0,9.5,17.0,6.5,4.0,2.5,True
2024-07-01,2024Q3,60669.24,84.993,608.4,3.125,0.0279,0.0462,46.16,0.6,4.5,8.5,14.5,6.0,3.5,2.2,True
2024-07-08,2024Q3,60730.3,85.586,612.65,3.125,0.0286,0.0459,45.92,0.6,4.5,8.5,14.5,6.0,3.5,2.2,True
2024-07-15,2024Q3,63055.29,86.179,616.89,3.125,0.0288,0.0474,47.36,0.6,4.5,8.5,14.5,6.0,3.5,2.2,True
2024-07-22,2024Q3,62355.25,86.771,621.13,3.125,0.027,0.0464,46.43,0.6,4.5,8.5,14.5,6.0,3.5,2.2,True
2024-07-29,2024Q3,60582.53,87.364,625.38,3.125,0.0246,0.0447,44.69,0.6,4.5,8.5,14.5,6.0,3.5,2.2,True
2024-08-05,2024Q3,61661.59,87.957,629.62,3.125,0.0239,0.0451,45.15,0.6,4.5,8.5,14.5,6.0,3.5,2.2,True
2024-08-12,2024Q3,63512.28,88.55,633.87,3.125,0.0245,0.0462,46.22,0.6,4.5,8.5,14.5,6.0,3.5,2.2,True
2024-08-19,2024Q3,61868.73,89.143,638.11,3.125,0.0243,0.0447,44.72,0.6,4.5,8.5,14.5,6.0,3.5,2.2,True
2024-08-26,2024Q3,60370.68,89.736,642.36,3.125,0.0224,0.0433,43.26,0.6,4.5,8.5,14.5,6.0,3.5,2.2,True
2024-09-02,2024Q3,62516.81,90.329,646.6,3.125,0.0204,0.0444,44.41,0.6,4.5,8.5,14.5,6.0,3.5,2.2,True
2024-09-09,2024Q3,63634.12,90.921,650.84,3.125,0.02,0.0449,44.9,0.6,4.5,8.5,14.5,6.0,3.5,2.2,True
2024-09-16,2024Q3,61271.85,91.514,655.08,3.125,0.0203,0.043,42.96,0.6,4.5,8.5,14.5,6.0,3.5,2.2,True
2024-09-23,2024Q3,61126.97,92.107,659.33,3.125,0.0197,0.0426,42.56,0.6,4.5,8.5,14.5,6.0,3.5,2.2,True
2024-09-30,2024Q3,63300.0,92.7,663.57,3.125,0.0179,0.0437,43.71,0.6,4.5,8.5,14.5,6.0,3.5,2.2,True
2024-10-07,2024Q4,65659.93,94.031,673.1,3.125,0.017,0.0447,44.66,0.5,4.0,7.5,12.0,5.5,3.0,1.9,True
2024-10-14,2024Q4,66069.84,95.362,682.63,3.125,0.0173,0.0443,44.32,0.5,4.0,7.5,12.0,5.5,3.0,1.9,True
2024-10-21,2024Q4,69245.91,96.692,692.15,3.125,0.0182,0.0459,45.85,0.5,4.0,7.5,12.0,5.5,3.0,1.9,True
2024-10-28,2024Q4,73920.64,98.023,701.68,3.125,0.0181,0.0483,48.28,0.5,4.0,7.5,12.0,5.5,3.0,1.9,True
2024-11-04,2024Q4,74898.66,99.354,711.2,3.125,0.017,0.0482,48.21,0.5,4.0,7.5,12.0,5.5,3.0,1.9,True
2024-11-11,2024Q4,75120.13,100.685,720.73,3.125,0.0162,0.0477,47.67,0.5,4.0,7.5,12.0,5.5,3.0,1.9,True
2024-11-18,2024Q4,80213.19,102.015,730.25,3.125,0.0167,0.0503,50.27,0.5,4.0,7.5,12.0,5.5,3.0,1.9,True
2024-11-25,2024Q4,84305.23,103.346,739.78,3.125,0.0175,0.0522,52.2,0.5,4.0,7.5,12.0,5.5,3.0,1.9,True
2024-12-02,2024Q4,84249.43,104.677,749.31,3.125,0.0172,0.0515,51.48,0.5,4.0,7.5,12.0,5.5,3.0,1.9,True
2024-12-09,2024Q4,85501.6,106.008,758.83,3.125,0.016,0.0515,51.53,0.5,4.0,7.5,12.0,5.5,3.0,1.9,True
2024-12-16,2024Q4,91906.41,107.338,768.36,3.125,0.0155,0.0547,54.67,0.5,4.0,7.5,12.0,5.5,3.0,1.9,True
2024-12-23,2024Q4,94152.49,108.669,777.88,3.125,0.0162,0.0554,55.36,0.5,4.0,7.5,12.0,5.5,3.0,1.9,True
2024-12-30,2024Q4,93429.0,110.0,787.41,3.125,0.0168,0.0543,54.31,0.5,4.0,7.5,12.0,5.5,3.0,1.9,True
2025-01-06,2025Q1,93251.35,110.292,789.5,3.125,0.0163,0.054,54.03,0.463,3.8,7.25,11.25,4.5,2.5,1.7,True
2025-01-13,2025Q1,94918.65,110.585,791.6,3.125,0.0153,0.0548,54.8,0.463,3.8,7.25,11.25,4.5,2.5,1.7,True
2025-01-20,2025Q1,92539.2,110.877,793.69,3.125,0.0151,0.0533,53.27,0.463,3.8,7.25,11.25,4.5,2.5,1.7,True
2025-01-27,2025Q1,88683.09,111.169,795.78,3.125,0.0159,0.051,50.96,0.463,3.8,7.25,11.25,4.5,2.5,1.7,True
2025-02-03,2025Q1,89908.86,111.462,797.88,3.125,0.0164,0.0516,51.55,0.463,3.8,7.25,11.25,4.5,2.5,1.7,True
2025-02-10,2025Q1,90775.55,111.754,799.97,3.125,0.0158,0.0519,51.88,0.463,3.8,7.25,11.25,4.5,2.5,1.7,True
2025-02-17,2025Q1,87049.47,112.046,802.06,3.125,0.0148,0.0496,49.57,0.463,3.8,7.25,11.25,4.5,2.5,1.7,True
2025-02-24,2025Q1,84714.08,112.338,804.15,3.125,0.0148,0.0481,48.12,0.463,3.8,7.25,11.25,4.5,2.5,1.7,True
2025-03-03,2025Q1,86159.04,112.631,806.24,3.125,0.0156,0.0489,48.85,0.463,3.8,7.25,11.25,4.5,2.5,1.7,True
2025-03-10,2025Q1,86092.39,112.923,808.33,3.125,0.016,0.0487,48.71,0.463,3.8,7.25,11.25,4.5,2.5,1.7,True
2025-03-17,2025Q1,81369.42,113.215,810.42,3.125,0.0152,0.0459,45.88,0.463,3.8,7.25,11.25,4.5,2.5,1.7,True
2025-03-24,2025Q1,80712.24,113.508,812.52,3.125,0.0144,0.0454,45.35,0.463,3.8,7.25,11.25,4.5,2.5,1.7,True
2025-03-31,2025Q1,82500.0,113.8,814.61,3.125,0.0145,0.0462,46.24,0.463,3.8,7.25,11.25,4.5,2.5,1.7,True
2025-04-07,2025Q2,83629.92,114.769,821.55,3.125,0.0154,0.0465,46.52,0.425,3.6,7.0,10.5,3.9,2.2,1.5,True
2025-04-14,2025Q2,82882.23,115.738,828.48,3.125,0.0155,0.0457,45.73,0.425,3.6,7.0,10.5,3.9,2.2,1.5,True
2025-04-21,2025Q2,87186.6,116.708,835.43,3.125,0.0147,0.0477,47.66,0.425,3.6,7.0,10.5,3.9,2.2,1.5,True
2025-04-28,2025Q2,91321.79,117.677,842.36,3.125,0.014,0.0495,49.48,0.425,3.6,7.0,10.5,3.9,2.2,1.5,True
2025-05-05,2025Q2,91462.54,118.646,849.3,3.125,0.0143,0.0492,49.16,0.425,3.6,7.0,10.5,3.9,2.2,1.5,True
2025-05-12,2025Q2,92338.96,119.615,856.24,3.125,0.0151,0.0493,49.27,0.425,3.6,7.0,10.5,3.9,2.2,1.5,True
2025-05-19,2025Q2,97332.54,120.585,863.18,3.125,0.0151,0.0515,51.52,0.425,3.6,7.0,10.5,3.9,2.2,1.5,True
2025-05-26,2025Q2,100785.82,121.554,870.12,3.125,0.0142,0.0529,52.87,0.425,3.6,7.0,10.5,3.9,2.2,1.5,True
2025-06-02,2025Q2,99520.59,122.523,877.05,3.125,0.0136,0.0518,51.77,0.425,3.6,7.0,10.5,3.9,2.2,1.5,True
2025-06-09,2025Q2,101343.66,123.492,883.99,3.125,0.0141,0.0523,52.33,0.425,3.6,7.0,10.5,3.9,2.2,1.5,True
2025-06-16,2025Q2,107400.04,124.462,890.93,3.125,0.0148,0.0551,55.06,0.425,3.6,7.0,10.5,3.9,2.2,1.5,True
2025-06-23,2025Q2,108702.89,125.431,897.87,3.125,0.0146,0.0553,55.29,0.425,3.6,7.0,10.5,3.9,2.2,1.5,True
2025-06-30,2025Q2,107000.0,126.4,904.81,3.125,0.0136,0.0539,53.95,0.425,3.6,7.0,10.5,3.9,2.2,1.5,True
2025-07-07,2025Q3,109454.71,127.323,911.41,3.125,0.0133,0.0548,54.77,0.387,3.4,6.75,9.75,4.2,2.5,1.4,True
2025-07-14,2025Q3,112469.52,128.246,918.02,3.125,0.0138,0.0559,55.9,0.387,3.4,6.75,9.75,4.2,2.5,1.4,True
2025-07-21,2025Q3,110329.56,129.169,924.63,3.125,0.0144,0.0545,54.48,0.387,3.4,6.75,9.75,4.2,2.5,1.4,True
2025-07-28,2025Q3,107584.51,130.092,931.23,3.125,0.014,0.0527,52.73,0.387,3.4,6.75,9.75,4.2,2.5,1.4,True
2025-08-04,2025Q3,111259.0,131.015,937.84,3.125,0.0131,0.0541,54.09,0.387,3.4,6.75,9.75,4.2,2.5,1.4,True
2025-08-11,2025Q3,113003.15,131.938,944.45,3.125,0.0129,0.0545,54.55,0.387,3.4,6.75,9.75,4.2,2.5,1.4,True
2025-08-18,2025Q3,109236.18,132.862,951.06,3.125,0.0136,0.0524,52.4,0.387,3.4,6.75,9.75,4.2,2.5,1.4,True
2025-08-25,2025Q3,108782.68,133.785,957.67,3.125,0.0141,0.0518,51.85,0.387,3.4,6.75,9.75,4.2,2.5,1.4,True
2025-09-01,2025Q3,113004.61,134.708,964.28,3.125,0.0135,0.0535,53.46,0.387,3.4,6.75,9.75,4.2,2.5,1.4,True
2025-09-08,2025Q3,112924.0,135.631,970.88,3.125,0.0127,0.053,53.01,0.387,3.4,6.75,9.75,4.2,2.5,1.4,True
2025-09-15,2025Q3,109526.93,136.554,977.49,3.125,0.0127,0.0511,51.07,0.387,3.4,6.75,9.75,4.2,2.5,1.4,True
2025-09-22,2025Q3,110630.4,137.477,984.1,3.125,0.0134,0.0513,51.28,0.387,3.4,6.75,9.75,4.2,2.5,1.4,True
2025-09-29,2025Q3,114000.0,138.4,990.71,3.125,0.0136,0.0525,52.5,0.387,3.4,6.75,9.75,4.2,2.5,1.4,True
2025-10-06,2025Q4,110311.14,139.138,995.99,3.125,0.013,0.0505,50.5,0.35,3.2,6.5,9.0,4.8,3.0,1.5,True
2025-10-13,2025Q4,105994.87,139.877,1001.28,3.125,0.0122,0.0482,48.23,0.35,3.2,6.5,9.0,4.8,3.0,1.5,True
2025-10-20,2025Q4,106801.76,140.615,1006.56,3.125,0.0124,0.0483,48.35,0.35,3.2,6.5,9.0,4.8,3.0,1.5,True
2025-10-27,2025Q4,106722.03,141.354,1011.85,3.125,0.0131,0.0481,48.09,0.35,3.2,6.5,9.0,4.8,3.0,1.5,True
2025-11-03,2025Q4,102091.35,142.092,1017.13,3.125,0.0132,0.0458,45.77,0.35,3.2,6.5,9.0,4.8,3.0,1.5,True
2025-11-10,2025Q4,99489.47,142.831,1022.42,3.125,0.0125,0.0443,44.34,0.35,3.2,6.5,9.0,4.8,3.0,1.5,True
2025-11-17,2025Q4,101277.3,143.569,1027.71,3.125,0.0118,0.0449,44.88,0.35,3.2,6.5,9.0,4.8,3.0,1.5,True
2025-11-24,2025Q4,99776.02,144.308,1033.0,3.125,0.0121,0.044,44.0,0.35,3.2,6.5,9.0,4.8,3.0,1.5,True
2025-12-01,2025Q4,94582.84,145.046,1038.28,3.125,0.0128,0.0415,41.52,0.35,3.2,6.5,9.0,4.8,3.0,1.5,True
2025-12-08,2025Q4,93181.73,145.785,1043.57,3.125,0.0127,0.0407,40.7,0.35,3.2,6.5,9.0,4.8,3.0,1.5,True
2025-12-15,2025Q4,94584.75,146.523,1048.85,3.125,0.012,0.0411,41.07,0.35,3.2,6.5,9.0,4.8,3.0,1.5,True
2025-12-22,2025Q4,91080.21,147.262,1054.14,3.125,0.0115,0.0393,39.33,0.35,3.2,6.5,9.0,4.8,3.0,1.5,True
2025-12-29,2025Q4,87000.0,148.0,1059.43,3.125,0.0119,0.0374,37.4,0.35,3.2,6.5,9.0,4.8,3.0,1.5,True
2026-01-05,2026Q1,88947.38,148.308,1061.63,3.125,0.0125,0.0382,38.18,0.317,2.967,6.167,8.5,5.5,3.8,1.8,True
2026-01-12,2026Q1,91519.36,148.615,1063.83,3.125,0.0124,0.0392,39.2,0.317,2.967,6.167,8.5,5.5,3.8,1.8,True
2026-01-19,2026Q1,89114.42,148.923,1066.03,3.125,0.0117,0.0381,38.06,0.317,2.967,6.167,8.5,5.5,3.8,1.8,True
2026-01-26,2026Q1,87582.31,149.231,1068.24,3.125,0.0114,0.0373,37.32,0.317,2.967,6.167,8.5,5.5,3.8,1.8,True
2026-02-02,2026Q1,91344.62,149.538,1070.43,3.125,0.012,0.0389,38.87,0.317,2.967,6.167,8.5,5.5,3.8,1.8,True
2026-02-09,2026Q1,91939.3,149.846,1072.64,3.125,0.0126,0.0391,39.06,0.317,2.967,6.167,8.5,5.5,3.8,1.8,True
2026-02-16,2026Q1,89534.25,150.154,1074.84,3.125,0.0123,0.038,37.95,0.317,2.967,6.167,8.5,5.5,3.8,1.8,True
2026-02-23,2026Q1,89638.24,150.462,1077.05,3.125,0.0116,0.0379,37.89,0.317,2.967,6.167,8.5,5.5,3.8,1.8,True
2026-03-02,2026Q1,93028.2,150.769,1079.25,3.125,0.0115,0.0392,39.24,0.317,2.967,6.167,8.5,5.5,3.8,1.8,True
2026-03-09,2026Q1,92415.2,151.077,1081.45,3.125,0.0121,0.0389,38.93,0.317,2.967,6.167,8.5,5.5,3.8,1.8,True
2026-03-16,2026Q1,89418.61,151.385,1083.66,3.125,0.0126,0.0376,37.61,0.317,2.967,6.167,8.5,5.5,3.8,1.8,True
2026-03-23,2026Q1,91588.24,151.692,1085.85,3.125,0.0122,0.0384,38.42,0.317,2.967,6.167,8.5,5.5,3.8,1.8,True
2026-03-30,2026Q1,95000.0,152.0,1088.06,3.125,0.0115,0.0397,39.75,0.317,2.967,6.167,8.5,5.5,3.8,1.8,True
2026-04-06,2026Q2,92043.77,151.462,1084.21,3.125,0.0115,0.0386,38.65,0.283,2.733,5.833,8.0,6.2,4.5,2.5,True
2026-04-13,2026Q2,90064.58,150.923,1080.35,3.125,0.0121,0.038,37.97,0.283,2.733,5.833,8.0,6.2,4.5,2.5,True
2026-04-20,2026Q2,92727.19,150.385,1076.5,3.125,0.0123,0.0392,39.24,0.283,2.733,5.833,8.0,6.2,4.5,2.5,True
2026-04-27,2026Q2,94295.0,149.846,1072.64,3.125,0.0118,0.04,40.03,0.283,2.733,5.833,8.0,6.2,4.5,2.5,True
2026-05-04,2026Q2,90802.09,149.308,1068.79,3.125,0.0111,0.0387,38.66,0.283,2.733,5.833,8.0,6.2,4.5,2.5,True
2026-05-11,2026Q2,90413.8,148.769,1064.93,3.125,0.0112,0.0386,38.64,0.283,2.733,5.833,8.0,6.2,4.5,2.5,True
2026-05-18,2026Q2,93334.63,148.231,1061.08,3.125,0.0118,0.0401,40.06,0.283,2.733,5.833,8.0,6.2,4.5,2.5,True
2026-05-25,2026Q2,92782.89,147.692,1057.22,3.125,0.0119,0.04,39.97,0.283,2.733,5.833,8.0,6.2,4.5,2.5,True
2026-06-01,2026Q2,89763.68,147.154,1053.37,3.125,0.0112,0.0388,38.78,0.283,2.733,5.833,8.0,6.2,4.5,2.5,True
2026-06-08,2026Q2,90800.32,146.615,1049.51,3.125,0.0107,0.0394,39.35,0.283,2.733,5.833,8.0,6.2,4.5,2.5,True
2026-06-15,2026Q2,93910.03,146.077,1045.66,3.125,0.0109,0.0409,40.86,0.283,2.733,5.833,8.0,6.2,4.5,2.5,True
2026-06-22,2026Q2,91335.96,145.538,1041.8,3.125,0.0115,0.0399,39.91,0.283,2.733,5.833,8.0,6.2,4.5,2.5,True
2026-06-29,2026Q2,88500.0,145.0,1037.95,3.125,0.0115,0.0388,38.82,0.283,2.733,5.833,8.0,6.2,4.5,2.5,True
2026-07-06,2026Q3,90916.16,144.058,1031.21,3.125,0.0108,0.0401,40.11,0.25,2.5,5.5,7.5,5.5,4.0,2.0,True
2026-07-13,2026Q3,91500.07,143.117,1024.47,3.125,0.0105,0.0406,40.62,0.25,2.5,5.5,7.5,5.5,4.0,2.0,True
2026-07-20,2026Q3,88168.74,142.175,1017.73,3.125,0.0109,0.0394,39.41,0.25,2.5,5.5,7.5,5.5,4.0,2.0,True
2026-07-27,2026Q3,86673.03,141.234,1010.99,3.125,0.0115,0.039,39.03,0.25,2.5,5.5,7.5,5.5,4.0,2.0,True
2026-08-03,2026Q3,89879.36,140.292,1004.25,3.125,0.0114,0.0407,40.74,0.25,2.5,5.5,7.5,5.5,4.0,2.0,True
2026-08-10,2026Q3,89314.56,139.351,997.51,3.125,0.0107,0.0407,40.73,0.25,2.5,5.5,7.5,5.5,4.0,2.0,True
2026-08-17,2026Q3,85016.36,138.409,990.77,3.125,0.0105,0.039,39.02,0.25,2.5,5.5,7.5,5.5,4.0,2.0,True
2026-08-24,2026Q3,85673.76,137.468,984.03,3.125,0.011,0.0396,39.61,0.25,2.5,5.5,7.5,5.5,4.0,2.0,True
2026-08-31,2026Q3,87821.93,136.526,977.29,3.125,0.0115,0.0409,40.91,0.25,2.5,5.5,7.5,5.5,4.0,2.0,True
2026-09-07,2026Q3,85707.49,135.585,970.56,3.125,0.0113,0.0402,40.19,0.25,2.5,5.5,7.5,5.5,4.0,2.0,True
2026-09-14,2026Q3,82839.11,134.643,963.81,3.125,0.0106,0.0391,39.09,0.25,2.5,5.5,7.5,5.5,4.0,2.0,True
2026-09-21,2026Q3,84268.09,133.702,957.08,3.125,0.0105,0.04,40.04,0.25,2.5,5.5,7.5,5.5,4.0,2.0,True
2026-09-28,2026Q3,85500.0,132.76,950.33,3.125,0.0111,0.0409,40.94,0.25,2.5,5.5,7.5,5.5,4.0,2.0,True
2026-10-05,2026Q4,83393.29,132.394,947.71,3.125,0.0115,0.0401,40.06,0.22,2.3,5.2,7.0,5.3,3.8,1.9,True
2026-10-12,2026Q4,82999.58,132.028,945.09,3.125,0.0112,0.04,39.97,0.22,2.3,5.2,7.0,5.3,3.8,1.9,True
2026-10-19,2026Q4,86362.01,131.662,942.47,3.125,0.0105,0.0417,41.67,0.22,2.3,5.2,7.0,5.3,3.8,1.9,True
2026-10-26,2026Q4,87175.45,131.295,939.85,3.125,0.0106,0.0422,42.19,0.22,2.3,5.2,7.0,5.3,3.8,1.9,True
2026-11-02,2026Q4,84673.29,130.929,937.23,3.125,0.0112,0.0411,41.12,0.22,2.3,5.2,7.0,5.3,3.8,1.9,True
2026-11-09,2026Q4,85128.28,130.563,934.61,3.125,0.0115,0.0415,41.46,0.22,2.3,5.2,7.0,5.3,3.8,1.9,True
2026-11-16,2026Q4,89418.96,130.197,931.99,3.125,0.0111,0.0437,43.66,0.22,2.3,5.2,7.0,5.3,3.8,1.9,True
2026-11-23,2026Q4,88401.13,129.831,929.37,3.125,0.0105,0.0433,43.26,0.22,2.3,5.2,7.0,5.3,3.8,1.9,True
2026-11-30,2026Q4,85850.67,129.465,926.75,3.125,0.0107,0.0421,42.14,0.22,2.3,5.2,7.0,5.3,3.8,1.9,True
2026-12-07,2026Q4,88447.24,129.098,924.12,3.125,0.0113,0.0436,43.56,0.22,2.3,5.2,7.0,5.3,3.8,1.9,True
2026-12-14,2026Q4,91065.46,128.732,921.5,3.125,0.0115,0.045,44.99,0.22,2.3,5.2,7.0,5.3,3.8,1.9,True
2026-12-21,2026Q4,89254.21,128.366,918.88,3.125,0.0109,0.0442,44.19,0.22,2.3,5.2,7.0,5.3,3.8,1.9,True
2026-12-28,2026Q4,88000.0,128.0,916.26,3.125,0.0105,0.0437,43.68,0.22,2.3,5.2,7.0,5.3,3.8,1.9,True
