quarter,btc_usd_close,btc_difficulty_T,btc_hashrate_EHs,btc_block_subsidy,btc_hashprice_usd_ph_day,gpu_h100_hyperscaler_usd_hr,gpu_h100_neocloud_usd_hr,gpu_h100_spot_usd_hr,gpu_h100_1yr_contract_usd_hr,gpu_a100_hyperscaler_usd_hr,gpu_h200_hyperscaler_usd_hr,gpu_h200_neocloud_usd_hr,gpu_b200_hyperscaler_usd_hr,gpu_b200_neocloud_usd_hr,gpu_gb200nvl72_blended_usd_hr,h100_unit_purchase_usd,h100_hgx8_system_usd,h200_unit_purchase_usd,b200_unit_purchase_usd,gb200_nvl72_rack_usd,capex_hosting_usd_mw,capex_retrofit_shell_usd_mw,capex_greenfield_shell_usd_mw,capex_fullstack_incremental_usd_mw,sofr_pct,hy_spread_bps,ddtl_spread_bps,cap_rate_hyperscale_pct,mining_ev_ebitda_mult,ai_infra_ev_ebitda_mult,ev_per_mw_mining_usd_m,ev_per_mw_ai_announced_usd_m,ev_per_mw_ai_stabilized_usd_m,power_usd_kwh_ercot,power_usd_kwh_pjm,power_usd_kwh_ohio,power_usd_kwh_georgia,power_usd_kwh_arizona,power_usd_kwh_nordics,pjm_capacity_price_usd_mwday,hyperscaler_capex_usd_bn_q,ai_demand_index_0_100,scenario,phase,gpu_rubin_hyperscaler_usd_hr,gpu_rubin_neocloud_usd_hr,gpu_rubin_ultra_hyperscaler_usd_hr,gpu_rubin_ultra_neocloud_usd_hr,rubin_unit_purchase_usd,rubin_nvl144_rack_usd,rubin_ultra_nvl576_rack_usd,newest_gen_lead_time_weeks,capex_retrofit_density_mid_to_top_usd_mw,nuclear_ppa_usd_mwh,renewal_shell_index_low,renewal_shell_index_high,renewal_h100_gpu_index_vs_2025q4,renewal_b200_gpu_index_vs_2025q4,rfp_new_lease_index_low,rfp_new_lease_index_high,renewal_offer_term_years_shell,renewal_offer_term_years_gpu,tenant_default_prob_q_ai_lab,tenant_default_prob_q_neocloud_sub,tenant_default_prob_q_hyperscaler,tenant_walk_prob_at_renewal_nonhyperscaler,tenant_walk_prob_at_renewal_hyperscaler,estimate
2027Q1,88500,129.4,970,3.125,44.3,5.3,3.8,1.9,2.3,,7.6,4.2,9.0,6.2,16.49,28000,246400,32000,36000,2200000,3060000,10200000,18870000,30150000,3.95,375,480,6.2,5.0,15.0,0.88,9.1,25.2,0.0557,0.0862,0.0659,0.0607,0.0557,0.0453,333.0,210.0,93,s1,signal_window,17.5,11.5,,,61000,4400000,,18,6630000,,0.9,1.1,1.18,1.38,0.88,1.04,10.0,3.0,0.005,0.003,0.0005,0.06,0.03,True
2027Q2,95000,132.4,995,3.125,46.4,5.42,3.88,1.95,2.35,,7.74,4.28,9.18,6.32,16.82,28300,249400,32400,36400,2230000,3120000,10400000,19240000,30569000,3.9,380,500,6.15,5.0,15.4,0.91,9.2,25.4,0.0563,0.0874,0.0667,0.0614,0.0563,0.0455,335.0,235.0,95,s1,signal_window,17.85,11.73,,,61700,4450000,,22,6760000,,0.9,1.1,1.21,1.4,0.85,1.01,10.0,3.0,0.005,0.003,0.0005,0.067,0.03,True
2027Q3,90000,134.2,1005,3.125,43.5,5.48,3.93,1.98,2.37,,7.81,4.31,9.18,6.32,16.82,28500,250800,32600,36400,2230000,3183000,10610000,19628000,30727000,3.85,395,545,6.3,4.8,15.0,0.83,8.9,24.7,0.057,0.0887,0.0676,0.0622,0.057,0.0458,340.0,265.0,96,s1,signal_window,17.85,11.73,40.0,26.0,61700,4450000,15000000,28,6896000,115,0.89,1.09,1.22,1.4,0.81,0.97,10.0,3.0,0.005,0.003,0.0005,0.073,0.03,True
2027Q4,73000,131.2,990,3.125,35.8,5.3,3.8,1.9,2.3,,7.6,4.2,8.28,5.7,15.17,28000,246400,32000,34300,2090000,3246000,10820000,20017000,29734000,3.8,430,640,6.6,4.1,13.5,0.6,8.2,23.1,0.0576,0.0899,0.0684,0.0629,0.0576,0.0461,340.0,290.0,95,s1,signal_window,16.62,10.92,36.8,23.92,59200,4270000,14390000,30,7033000,114,0.85,1.05,1.18,1.27,0.78,0.93,10.0,3.0,0.02,0.01,0.0005,0.08,0.03,True
2028Q1,58000,127.7,960,3.125,29.4,3.47,2.55,1.15,1.61,,5.55,3.07,5.58,3.84,10.22,23000,202000,26200,27800,1700000,3150000,10500000,19425000,25328000,3.6,560,850,7.6,3.1,9.5,0.4,5.8,17.0,0.0565,0.0878,0.0669,0.0616,0.0565,0.0456,330.0,260.0,74,s1,trigger,11.55,7.59,24.8,16.12,47500,3430000,11810000,22,6825000,112,0.6,0.88,0.83,0.85,0.64,0.8,6.0,1.0,0.12,0.06,0.01,0.3,0.06,True
2028Q2,49000,112.6,850,1.5625,14.1,2.25,1.71,0.72,1.15,,4.18,2.31,3.78,2.6,6.93,19600,172500,22400,23500,1430000,3060000,10200000,18870000,22045000,3.1,720,1000,8.3,2.5,6.6,0.18,4.2,12.8,0.0554,0.0857,0.0655,0.0604,0.0554,0.0452,290.0,210.0,55,s1,aftermath,8.05,5.29,17.6,11.44,38300,2760000,9950000,12,6630000,106,0.52,0.6,0.59,0.58,0.46,0.62,4.0,1.0,0.18,0.1,0.01,0.4,0.1,True
2028Q3,44000,101.3,760,1.5625,14.2,1.76,1.38,0.56,0.97,,3.63,2.01,3.06,2.11,5.61,18300,160700,20900,21700,1330000,2970000,9900000,18315000,20515000,2.7,790,1050,8.5,2.2,5.9,0.15,3.7,11.5,0.0543,0.0837,0.0641,0.0592,0.0543,0.0447,250.0,190.0,46,s1,aftermath,6.65,4.37,14.4,9.36,34100,2460000,9000000,7,6435000,100,0.44,0.6,0.5,0.47,0.39,0.55,4.0,1.0,0.15,0.09,0.01,0.4,0.1,True
2028Q4,43000,94.5,710,1.5625,14.8,1.76,1.38,0.56,0.97,,3.63,2.01,2.97,2.05,5.44,18300,160700,20900,21500,1320000,2880000,9600000,17760000,20123000,2.4,760,980,8.4,2.1,6.2,0.15,3.7,11.4,0.0532,0.0816,0.0626,0.058,0.0532,0.0443,220.0,180.0,44,s1,aftermath,6.48,4.26,14.0,9.1,33600,2420000,8870000,6,6240000,100,0.42,0.58,0.5,0.46,0.37,0.53,4.0,1.0,0.1,0.06,0.005,0.35,0.08,True
2029Q1,46000,92.9,700,1.5625,16.0,1.83,1.42,0.58,0.99,,3.7,2.05,3.06,2.11,5.61,18400,162100,21100,21700,1330000,2895000,9650000,17852000,20328000,2.25,700,900,8.1,2.3,7.0,0.18,4.0,12.4,0.0532,0.0816,0.0626,0.058,0.0532,0.0443,200.0,182.0,46,s1,aftermath,6.65,4.37,14.4,9.36,34100,2460000,9000000,6,6272000,100,0.42,0.58,0.51,0.47,0.37,0.53,4.0,1.0,0.07,0.04,0.002,0.3,0.06,True
2029Q2,50000,95.6,720,1.5625,16.9,1.89,1.46,0.6,1.01,,3.77,2.08,3.15,2.17,5.77,18600,163600,21200,22000,1340000,2910000,9700000,17945000,20532000,2.25,640,820,7.8,2.7,7.7,0.22,4.4,13.5,0.0534,0.0819,0.0629,0.0582,0.0534,0.0443,190.0,190.0,50,s1,aftermath,6.82,4.49,15.2,9.88,34700,2500000,9250000,6,6305000,99,0.42,0.58,0.52,0.48,0.37,0.53,4.0,1.0,0.05,0.03,0.0019,0.25,0.05,True
2029Q3,52000,99.4,750,1.5625,16.9,1.95,1.5,0.62,1.03,,3.84,2.12,3.24,2.23,5.94,18800,165100,21400,22200,1360000,2925000,9750000,18038000,20832000,2.25,590,760,7.5,3.0,8.4,0.25,4.9,14.7,0.0535,0.0822,0.0631,0.0584,0.0535,0.0444,185.0,200.0,54,s1,aftermath,7.18,4.72,16.0,10.4,35700,2580000,9490000,6,6338000,99,0.42,0.58,0.53,0.5,0.37,0.53,4.0,1.0,0.04,0.02,0.0017,0.2,0.048,True
2029Q4,55000,103.6,780,1.5625,17.2,2.01,1.54,0.64,1.06,,3.91,2.16,3.33,2.29,6.1,18900,166600,21600,22400,1370000,2940000,9800000,18130000,21033000,2.3,550,710,7.3,3.2,9.1,0.27,5.3,15.7,0.0537,0.0826,0.0633,0.0586,0.0537,0.0445,180.0,210.0,58,s1,aftermath,7.35,4.83,16.4,10.66,36200,2610000,9600000,6,6370000,99,0.43,0.59,0.54,0.51,0.38,0.54,4.0,1.0,0.03,0.02,0.0016,0.19,0.047,True
2030Q1,57000,107.3,810,1.5625,17.1,2.07,1.58,0.66,1.08,,3.97,2.2,3.42,2.36,6.27,19100,168000,21800,22600,1380000,2955000,9850000,18222000,21233000,2.4,520,670,7.1,3.4,9.9,0.28,5.7,16.7,0.0538,0.0829,0.0635,0.0587,0.0538,0.0445,180.0,220.0,61,s1,aftermath,7.52,4.94,16.8,10.92,36800,2650000,9720000,5,6402000,99,0.44,0.6,0.55,0.52,0.39,0.55,4.0,1.0,0.03,0.02,0.0014,0.18,0.045,True
2030Q2,60000,111.5,840,1.5625,17.4,2.13,1.63,0.68,1.1,,4.04,2.23,3.51,2.42,6.43,19300,169500,22000,22800,1390000,2970000,9900000,18315000,21432000,2.5,500,640,7.0,3.6,10.2,0.3,5.8,17.1,0.054,0.0832,0.0637,0.0589,0.054,0.0446,180.0,230.0,64,s1,aftermath,7.7,5.06,17.2,11.18,37300,2690000,9840000,5,6435000,98,0.45,0.6,0.56,0.54,0.4,0.56,4.0,1.0,0.03,0.02,0.0013,0.17,0.043,True
2030Q3,62000,114.0,860,1.5625,17.6,2.19,1.67,0.7,1.13,,4.11,2.27,3.6,2.48,6.6,19400,171000,22200,23000,1410000,2985000,9950000,18408000,21630000,2.6,485,620,6.9,3.8,10.6,0.31,5.9,17.4,0.0542,0.0835,0.0639,0.0591,0.0542,0.0447,180.0,238.0,66,s1,aftermath,7.88,5.18,17.6,11.44,37800,2730000,9950000,5,6468000,98,0.46,0.6,0.58,0.55,0.41,0.57,4.0,1.0,0.03,0.02,0.0011,0.16,0.042,True
2030Q4,64000,116.9,880,1.5625,17.7,2.25,1.71,0.72,1.15,,4.18,2.31,3.6,2.48,6.6,19600,172500,22400,23000,1410000,3000000,10000000,18500000,21760000,2.7,470,600,6.85,3.9,11.0,0.33,6.0,17.7,0.0543,0.0838,0.0641,0.0593,0.0543,0.0447,180.0,245.0,68,s1,aftermath,8.05,5.29,18.0,11.7,38300,2760000,10060000,5,6500000,98,0.47,0.6,0.59,0.55,0.42,0.58,4.0,1.0,0.03,0.02,0.001,0.15,0.04,True
