week,quarter,btc_usd,btc_difficulty_T,btc_hashrate_EHs,btc_block_subsidy,btc_fee_share,btc_hashprice_usd_th_day,btc_hashprice_usd_ph_day,asic_price_usd_th_old,asic_price_usd_th_mid,asic_price_usd_th_new,asic_price_usd_th_latest,gpu_h100_hyperscaler_usd_hr,gpu_h100_neocloud_usd_hr,gpu_h100_spot_usd_hr,gpu_rubin_hyperscaler_usd_hr,gpu_rubin_ultra_hyperscaler_usd_hr,future,estimate
2031-01-06,2031Q1,112708,142,1016,1.5625,0.02,0.02546,25.4595,0.10961,1.148,2.5955,3.4939,3.1975,2.3575,1.4475,13.955,33.7,f3,True
2031-01-13,2031Q1,113681,142,1016,1.5625,0.02,0.02568,25.6793,0.10961,1.148,2.5955,3.4939,3.1975,2.3575,1.4475,13.955,33.7,f3,True
2031-01-20,2031Q1,114235,142,1016,1.5625,0.02,0.0258,25.8044,0.10961,1.148,2.5955,3.4939,3.1975,2.3575,1.4475,13.955,33.7,f3,True
2031-01-27,2031Q1,114279,142,1016,1.5625,0.02,0.02581,25.8145,0.10961,1.148,2.5955,3.4939,3.1975,2.3575,1.4475,13.955,33.7,f3,True
2031-02-03,2031Q1,113843,142,1016,1.5625,0.02,0.02572,25.7158,0.10961,1.148,2.5955,3.4939,3.1975,2.3575,1.4475,13.955,33.7,f3,True
2031-02-10,2031Q1,113062,142,1016,1.5625,0.02,0.02554,25.5396,0.10961,1.148,2.5955,3.4939,3.1975,2.3575,1.4475,13.955,33.7,f3,True
2031-02-17,2031Q1,112156,142,1016,1.5625,0.02,0.02533,25.3348,0.10961,1.148,2.5955,3.4939,3.1975,2.3575,1.4475,13.955,33.7,f3,True
2031-02-24,2031Q1,111370,142,1016,1.5625,0.02,0.02516,25.1573,0.10961,1.148,2.5955,3.4939,3.1975,2.3575,1.4475,13.955,33.7,f3,True
2031-03-03,2031Q1,110925,142,1016,1.5625,0.02,0.02506,25.0568,0.10961,1.148,2.5955,3.4939,3.1975,2.3575,1.4475,13.955,33.7,f3,True
2031-03-10,2031Q1,110964,142,1016,1.5625,0.02,0.02507,25.0655,0.10961,1.148,2.5955,3.4939,3.1975,2.3575,1.4475,13.955,33.7,f3,True
2031-03-17,2031Q1,111518,142,1016,1.5625,0.02,0.02519,25.1907,0.10961,1.148,2.5955,3.4939,3.1975,2.3575,1.4475,13.955,33.7,f3,True
2031-03-24,2031Q1,112501,142,1016,1.5625,0.02,0.02541,25.4129,0.10961,1.148,2.5955,3.4939,3.1975,2.3575,1.4475,13.955,33.7,f3,True
2031-03-31,2031Q1,113730,142,1016,1.5625,0.02,0.02569,25.6904,0.10961,1.148,2.5955,3.4939,3.1975,2.3575,1.4475,13.955,33.7,f3,True
2031-04-07,2031Q2,114962,145.5,1042,1.5625,0.02,0.02534,25.3353,0.10632,1.1136,2.5176,3.3891,3.2089,2.3657,1.4395,13.7036,33.1483,f3,True
2031-04-14,2031Q2,115955,145.5,1042,1.5625,0.02,0.02555,25.5541,0.10632,1.1136,2.5176,3.3891,3.2089,2.3657,1.4395,13.7036,33.1483,f3,True
2031-04-21,2031Q2,116519,145.5,1042,1.5625,0.02,0.02568,25.6785,0.10632,1.1136,2.5176,3.3891,3.2089,2.3657,1.4395,13.7036,33.1483,f3,True
2031-04-28,2031Q2,116565,145.5,1042,1.5625,0.02,0.02569,25.6886,0.10632,1.1136,2.5176,3.3891,3.2089,2.3657,1.4395,13.7036,33.1483,f3,True
2031-05-05,2031Q2,116119,145.5,1042,1.5625,0.02,0.02559,25.5904,0.10632,1.1136,2.5176,3.3891,3.2089,2.3657,1.4395,13.7036,33.1483,f3,True
2031-05-12,2031Q2,115324,145.5,1042,1.5625,0.02,0.02541,25.415,0.10632,1.1136,2.5176,3.3891,3.2089,2.3657,1.4395,13.7036,33.1483,f3,True
2031-05-19,2031Q2,114399,145.5,1042,1.5625,0.02,0.02521,25.2112,0.10632,1.1136,2.5176,3.3891,3.2089,2.3657,1.4395,13.7036,33.1483,f3,True
2031-05-26,2031Q2,113598,145.5,1042,1.5625,0.02,0.02503,25.0346,0.10632,1.1136,2.5176,3.3891,3.2089,2.3657,1.4395,13.7036,33.1483,f3,True
2031-06-02,2031Q2,113144,145.5,1042,1.5625,0.02,0.02493,24.9346,0.10632,1.1136,2.5176,3.3891,3.2089,2.3657,1.4395,13.7036,33.1483,f3,True
2031-06-09,2031Q2,113183,145.5,1042,1.5625,0.02,0.02494,24.9433,0.10632,1.1136,2.5176,3.3891,3.2089,2.3657,1.4395,13.7036,33.1483,f3,True
2031-06-16,2031Q2,113748,145.5,1042,1.5625,0.02,0.02507,25.0678,0.10632,1.1136,2.5176,3.3891,3.2089,2.3657,1.4395,13.7036,33.1483,f3,True
2031-06-23,2031Q2,114751,145.5,1042,1.5625,0.02,0.02529,25.2889,0.10632,1.1136,2.5176,3.3891,3.2089,2.3657,1.4395,13.7036,33.1483,f3,True
2031-06-30,2031Q2,116005,145.5,1042,1.5625,0.02,0.02557,25.5651,0.10632,1.1136,2.5176,3.3891,3.2089,2.3657,1.4395,13.7036,33.1483,f3,True
2031-07-07,2031Q3,117261,149.2,1068,1.5625,0.02,0.02521,25.2117,0.10313,1.0801,2.4421,3.2874,3.2202,2.3739,1.4315,13.4568,32.6057,f3,True
2031-07-14,2031Q3,118274,149.2,1068,1.5625,0.02,0.02543,25.4294,0.10313,1.0801,2.4421,3.2874,3.2202,2.3739,1.4315,13.4568,32.6057,f3,True
2031-07-21,2031Q3,118850,149.2,1068,1.5625,0.02,0.02555,25.5532,0.10313,1.0801,2.4421,3.2874,3.2202,2.3739,1.4315,13.4568,32.6057,f3,True
2031-07-28,2031Q3,118896,149.2,1068,1.5625,0.02,0.02556,25.5632,0.10313,1.0801,2.4421,3.2874,3.2202,2.3739,1.4315,13.4568,32.6057,f3,True
2031-08-04,2031Q3,118442,149.2,1068,1.5625,0.02,0.02547,25.4655,0.10313,1.0801,2.4421,3.2874,3.2202,2.3739,1.4315,13.4568,32.6057,f3,True
2031-08-11,2031Q3,117630,149.2,1068,1.5625,0.02,0.02529,25.291,0.10313,1.0801,2.4421,3.2874,3.2202,2.3739,1.4315,13.4568,32.6057,f3,True
2031-08-18,2031Q3,116687,149.2,1068,1.5625,0.02,0.02509,25.0883,0.10313,1.0801,2.4421,3.2874,3.2202,2.3739,1.4315,13.4568,32.6057,f3,True
2031-08-25,2031Q3,115870,149.2,1068,1.5625,0.02,0.02491,24.9125,0.10313,1.0801,2.4421,3.2874,3.2202,2.3739,1.4315,13.4568,32.6057,f3,True
2031-09-01,2031Q3,115407,149.2,1068,1.5625,0.02,0.02481,24.813,0.10313,1.0801,2.4421,3.2874,3.2202,2.3739,1.4315,13.4568,32.6057,f3,True
2031-09-08,2031Q3,115447,149.2,1068,1.5625,0.02,0.02482,24.8216,0.10313,1.0801,2.4421,3.2874,3.2202,2.3739,1.4315,13.4568,32.6057,f3,True
2031-09-15,2031Q3,116023,149.2,1068,1.5625,0.02,0.02495,24.9455,0.10313,1.0801,2.4421,3.2874,3.2202,2.3739,1.4315,13.4568,32.6057,f3,True
2031-09-22,2031Q3,117047,149.2,1068,1.5625,0.02,0.02517,25.1656,0.10313,1.0801,2.4421,3.2874,3.2202,2.3739,1.4315,13.4568,32.6057,f3,True
2031-09-29,2031Q3,118325,149.2,1068,1.5625,0.02,0.02544,25.4404,0.10313,1.0801,2.4421,3.2874,3.2202,2.3739,1.4315,13.4568,32.6057,f3,True
2031-10-06,2031Q4,119607,152.9,1095,1.5625,0.02,0.02509,25.0888,0.10004,1.0477,2.3688,3.1888,3.2317,2.3822,1.4236,13.2144,32.072,f3,True
2031-10-13,2031Q4,120639,152.9,1095,1.5625,0.02,0.02531,25.3054,0.10004,1.0477,2.3688,3.1888,3.2317,2.3822,1.4236,13.2144,32.072,f3,True
2031-10-20,2031Q4,121227,152.9,1095,1.5625,0.02,0.02543,25.4286,0.10004,1.0477,2.3688,3.1888,3.2317,2.3822,1.4236,13.2144,32.072,f3,True
2031-10-27,2031Q4,121274,152.9,1095,1.5625,0.02,0.02544,25.4385,0.10004,1.0477,2.3688,3.1888,3.2317,2.3822,1.4236,13.2144,32.072,f3,True
2031-11-03,2031Q4,120811,152.9,1095,1.5625,0.02,0.02534,25.3413,0.10004,1.0477,2.3688,3.1888,3.2317,2.3822,1.4236,13.2144,32.072,f3,True
2031-11-10,2031Q4,119983,152.9,1095,1.5625,0.02,0.02517,25.1676,0.10004,1.0477,2.3688,3.1888,3.2317,2.3822,1.4236,13.2144,32.072,f3,True
2031-11-17,2031Q4,119021,152.9,1095,1.5625,0.02,0.02497,24.9659,0.10004,1.0477,2.3688,3.1888,3.2317,2.3822,1.4236,13.2144,32.072,f3,True
2031-11-24,2031Q4,118187,152.9,1095,1.5625,0.02,0.02479,24.791,0.10004,1.0477,2.3688,3.1888,3.2317,2.3822,1.4236,13.2144,32.072,f3,True
2031-12-01,2031Q4,117715,152.9,1095,1.5625,0.02,0.02469,24.6919,0.10004,1.0477,2.3688,3.1888,3.2317,2.3822,1.4236,13.2144,32.072,f3,True
2031-12-08,2031Q4,117756,152.9,1095,1.5625,0.02,0.0247,24.7005,0.10004,1.0477,2.3688,3.1888,3.2317,2.3822,1.4236,13.2144,32.072,f3,True
2031-12-15,2031Q4,118344,152.9,1095,1.5625,0.02,0.02482,24.8238,0.10004,1.0477,2.3688,3.1888,3.2317,2.3822,1.4236,13.2144,32.072,f3,True
2031-12-22,2031Q4,119387,152.9,1095,1.5625,0.02,0.02504,25.0428,0.10004,1.0477,2.3688,3.1888,3.2317,2.3822,1.4236,13.2144,32.072,f3,True
2031-12-29,2031Q4,120691,152.9,1095,1.5625,0.02,0.02532,25.3163,0.10004,1.0477,2.3688,3.1888,3.2317,2.3822,1.4236,13.2144,32.072,f3,True
2032-01-05,2032Q1,121999,156.7,1122,1.5625,0.02,0.02497,24.9664,0.09704,1.0163,2.2978,3.0932,3.2756,2.4144,1.4299,13.1061,31.8624,f3,True
2032-01-12,2032Q1,123052,156.7,1122,1.5625,0.02,0.02518,25.1819,0.09704,1.0163,2.2978,3.0932,3.2756,2.4144,1.4299,13.1061,31.8624,f3,True
2032-01-19,2032Q1,123651,156.7,1122,1.5625,0.02,0.0253,25.3046,0.09704,1.0163,2.2978,3.0932,3.2756,2.4144,1.4299,13.1061,31.8624,f3,True
2032-01-26,2032Q1,123700,156.7,1122,1.5625,0.02,0.02531,25.3145,0.09704,1.0163,2.2978,3.0932,3.2756,2.4144,1.4299,13.1061,31.8624,f3,True
2032-02-02,2032Q1,123227,156.7,1122,1.5625,0.02,0.02522,25.2177,0.09704,1.0163,2.2978,3.0932,3.2756,2.4144,1.4299,13.1061,31.8624,f3,True
2032-02-09,2032Q1,122382,156.7,1122,1.5625,0.02,0.02504,25.0449,0.09704,1.0163,2.2978,3.0932,3.2756,2.4144,1.4299,13.1061,31.8624,f3,True
2032-02-16,2032Q1,121401,156.7,1122,1.5625,0.02,0.02484,24.8441,0.09704,1.0163,2.2978,3.0932,3.2756,2.4144,1.4299,13.1061,31.8624,f3,True
2032-02-23,2032Q1,120551,156.7,1122,1.5625,0.02,0.02467,24.67,0.09704,1.0163,2.2978,3.0932,3.2756,2.4144,1.4299,13.1061,31.8624,f3,True
2032-03-01,2032Q1,120069,156.7,1122,1.5625,0.02,0.02457,24.5715,0.09704,1.0163,2.2978,3.0932,3.2756,2.4144,1.4299,13.1061,31.8624,f3,True
2032-03-08,2032Q1,120111,156.7,1122,1.5625,0.02,0.02458,24.58,0.09704,1.0163,2.2978,3.0932,3.2756,2.4144,1.4299,13.1061,31.8624,f3,True
2032-03-15,2032Q1,120710,156.7,1122,1.5625,0.02,0.0247,24.7027,0.09704,1.0163,2.2978,3.0932,3.2756,2.4144,1.4299,13.1061,31.8624,f3,True
2032-03-22,2032Q1,121775,156.7,1122,1.5625,0.02,0.02492,24.9206,0.09704,1.0163,2.2978,3.0932,3.2756,2.4144,1.4299,13.1061,31.8624,f3,True
2032-03-29,2032Q1,123105,156.7,1122,1.5625,0.02,0.02519,25.1928,0.09704,1.0163,2.2978,3.0932,3.2756,2.4144,1.4299,13.1061,31.8624,f3,True
2032-04-05,2032Q2,124439,160.6,1150,0.78125,0.02,0.01242,12.4223,0.09413,0.98582,2.2288,3.0004,3.3197,2.4467,1.436,12.9974,31.6511,f3,True
2032-04-12,2032Q2,125513,160.6,1150,0.78125,0.02,0.01253,12.5295,0.09413,0.98582,2.2288,3.0004,3.3197,2.4467,1.436,12.9974,31.6511,f3,True
2032-04-19,2032Q2,126124,160.6,1150,0.78125,0.02,0.01259,12.5906,0.09413,0.98582,2.2288,3.0004,3.3197,2.4467,1.436,12.9974,31.6511,f3,True
2032-04-26,2032Q2,126174,160.6,1150,0.78125,0.02,0.0126,12.5955,0.09413,0.98582,2.2288,3.0004,3.3197,2.4467,1.436,12.9974,31.6511,f3,True
2032-05-03,2032Q2,125691,160.6,1150,0.78125,0.02,0.01255,12.5473,0.09413,0.98582,2.2288,3.0004,3.3197,2.4467,1.436,12.9974,31.6511,f3,True
2032-05-10,2032Q2,124830,160.6,1150,0.78125,0.02,0.01246,12.4614,0.09413,0.98582,2.2288,3.0004,3.3197,2.4467,1.436,12.9974,31.6511,f3,True
2032-05-17,2032Q2,123829,160.6,1150,0.78125,0.02,0.01236,12.3614,0.09413,0.98582,2.2288,3.0004,3.3197,2.4467,1.436,12.9974,31.6511,f3,True
2032-05-24,2032Q2,122962,160.6,1150,0.78125,0.02,0.01227,12.2749,0.09413,0.98582,2.2288,3.0004,3.3197,2.4467,1.436,12.9974,31.6511,f3,True
2032-05-31,2032Q2,122470,160.6,1150,0.78125,0.02,0.01223,12.2258,0.09413,0.98582,2.2288,3.0004,3.3197,2.4467,1.436,12.9974,31.6511,f3,True
2032-06-07,2032Q2,122513,160.6,1150,0.78125,0.02,0.01223,12.2301,0.09413,0.98582,2.2288,3.0004,3.3197,2.4467,1.436,12.9974,31.6511,f3,True
2032-06-14,2032Q2,123125,160.6,1150,0.78125,0.02,0.01229,12.2911,0.09413,0.98582,2.2288,3.0004,3.3197,2.4467,1.436,12.9974,31.6511,f3,True
2032-06-21,2032Q2,124211,160.6,1150,0.78125,0.02,0.0124,12.3995,0.09413,0.98582,2.2288,3.0004,3.3197,2.4467,1.436,12.9974,31.6511,f3,True
2032-06-28,2032Q2,125567,160.6,1150,0.78125,0.02,0.01253,12.5349,0.09413,0.98582,2.2288,3.0004,3.3197,2.4467,1.436,12.9974,31.6511,f3,True
2032-07-05,2032Q3,126927,164.7,1179,0.78125,0.02,0.01236,12.3617,0.0913,0.95625,2.162,2.9104,3.3642,2.4793,1.4421,12.8884,31.4382,f3,True
2032-07-12,2032Q3,128023,164.7,1179,0.78125,0.02,0.01247,12.4684,0.0913,0.95625,2.162,2.9104,3.3642,2.4793,1.4421,12.8884,31.4382,f3,True
2032-07-19,2032Q3,128647,164.7,1179,0.78125,0.02,0.01253,12.5291,0.0913,0.95625,2.162,2.9104,3.3642,2.4793,1.4421,12.8884,31.4382,f3,True
2032-07-26,2032Q3,128697,164.7,1179,0.78125,0.02,0.01253,12.534,0.0913,0.95625,2.162,2.9104,3.3642,2.4793,1.4421,12.8884,31.4382,f3,True
2032-08-02,2032Q3,128205,164.7,1179,0.78125,0.02,0.01249,12.4861,0.0913,0.95625,2.162,2.9104,3.3642,2.4793,1.4421,12.8884,31.4382,f3,True
2032-08-09,2032Q3,127327,164.7,1179,0.78125,0.02,0.0124,12.4006,0.0913,0.95625,2.162,2.9104,3.3642,2.4793,1.4421,12.8884,31.4382,f3,True
2032-08-16,2032Q3,126306,164.7,1179,0.78125,0.02,0.0123,12.3012,0.0913,0.95625,2.162,2.9104,3.3642,2.4793,1.4421,12.8884,31.4382,f3,True
2032-08-23,2032Q3,125421,164.7,1179,0.78125,0.02,0.01221,12.215,0.0913,0.95625,2.162,2.9104,3.3642,2.4793,1.4421,12.8884,31.4382,f3,True
2032-08-30,2032Q3,124920,164.7,1179,0.78125,0.02,0.01217,12.1662,0.0913,0.95625,2.162,2.9104,3.3642,2.4793,1.4421,12.8884,31.4382,f3,True
2032-09-06,2032Q3,124963,164.7,1179,0.78125,0.02,0.01217,12.1704,0.0913,0.95625,2.162,2.9104,3.3642,2.4793,1.4421,12.8884,31.4382,f3,True
2032-09-13,2032Q3,125587,164.7,1179,0.78125,0.02,0.01223,12.2312,0.0913,0.95625,2.162,2.9104,3.3642,2.4793,1.4421,12.8884,31.4382,f3,True
2032-09-20,2032Q3,126695,164.7,1179,0.78125,0.02,0.01234,12.3391,0.0913,0.95625,2.162,2.9104,3.3642,2.4793,1.4421,12.8884,31.4382,f3,True
2032-09-27,2032Q3,128078,164.7,1179,0.78125,0.02,0.01247,12.4738,0.0913,0.95625,2.162,2.9104,3.3642,2.4793,1.4421,12.8884,31.4382,f3,True
2032-10-04,2032Q4,129466,168.8,1208,0.78125,0.02,0.0123,12.3014,0.08856,0.92756,2.0971,2.823,3.4089,2.5121,1.448,12.7791,31.2238,f3,True
2032-10-11,2032Q4,130584,168.8,1208,0.78125,0.02,0.01241,12.4076,0.08856,0.92756,2.0971,2.823,3.4089,2.5121,1.448,12.7791,31.2238,f3,True
2032-10-18,2032Q4,131220,168.8,1208,0.78125,0.02,0.01247,12.468,0.08856,0.92756,2.0971,2.823,3.4089,2.5121,1.448,12.7791,31.2238,f3,True
2032-10-25,2032Q4,131271,168.8,1208,0.78125,0.02,0.01247,12.4729,0.08856,0.92756,2.0971,2.823,3.4089,2.5121,1.448,12.7791,31.2238,f3,True
2032-11-01,2032Q4,130769,168.8,1208,0.78125,0.02,0.01243,12.4252,0.08856,0.92756,2.0971,2.823,3.4089,2.5121,1.448,12.7791,31.2238,f3,True
2032-11-08,2032Q4,129873,168.8,1208,0.78125,0.02,0.01234,12.3401,0.08856,0.92756,2.0971,2.823,3.4089,2.5121,1.448,12.7791,31.2238,f3,True
2032-11-15,2032Q4,128832,168.8,1208,0.78125,0.02,0.01224,12.2411,0.08856,0.92756,2.0971,2.823,3.4089,2.5121,1.448,12.7791,31.2238,f3,True
2032-11-22,2032Q4,127929,168.8,1208,0.78125,0.02,0.01216,12.1554,0.08856,0.92756,2.0971,2.823,3.4089,2.5121,1.448,12.7791,31.2238,f3,True
2032-11-29,2032Q4,127418,168.8,1208,0.78125,0.02,0.01211,12.1068,0.08856,0.92756,2.0971,2.823,3.4089,2.5121,1.448,12.7791,31.2238,f3,True
2032-12-06,2032Q4,127462,168.8,1208,0.78125,0.02,0.01211,12.111,0.08856,0.92756,2.0971,2.823,3.4089,2.5121,1.448,12.7791,31.2238,f3,True
2032-12-13,2032Q4,128099,168.8,1208,0.78125,0.02,0.01217,12.1715,0.08856,0.92756,2.0971,2.823,3.4089,2.5121,1.448,12.7791,31.2238,f3,True
2032-12-20,2032Q4,129229,168.8,1208,0.78125,0.02,0.01228,12.2789,0.08856,0.92756,2.0971,2.823,3.4089,2.5121,1.448,12.7791,31.2238,f3,True
2032-12-27,2032Q4,130640,168.8,1208,0.78125,0.02,0.01241,12.4129,0.08856,0.92756,2.0971,2.823,3.4089,2.5121,1.448,12.7791,31.2238,f3,True
2033-01-03,2033Q1,132055,173,1238,0.78125,0.02,0.01224,12.2414,0.08591,0.89973,2.0342,2.7384,3.8815,2.8602,1.6339,14.2382,34.8471,f3,True
2033-01-10,2033Q1,133195,173,1238,0.78125,0.02,0.01235,12.3471,0.08591,0.89973,2.0342,2.7384,3.8815,2.8602,1.6339,14.2382,34.8471,f3,True
2033-01-17,2033Q1,133844,173,1238,0.78125,0.02,0.01241,12.4072,0.08591,0.89973,2.0342,2.7384,3.8815,2.8602,1.6339,14.2382,34.8471,f3,True
2033-01-24,2033Q1,133896,173,1238,0.78125,0.02,0.01241,12.4121,0.08591,0.89973,2.0342,2.7384,3.8815,2.8602,1.6339,14.2382,34.8471,f3,True
2033-01-31,2033Q1,133385,173,1238,0.78125,0.02,0.01236,12.3646,0.08591,0.89973,2.0342,2.7384,3.8815,2.8602,1.6339,14.2382,34.8471,f3,True
2033-02-07,2033Q1,132471,173,1238,0.78125,0.02,0.01228,12.2799,0.08591,0.89973,2.0342,2.7384,3.8815,2.8602,1.6339,14.2382,34.8471,f3,True
2033-02-14,2033Q1,131409,173,1238,0.78125,0.02,0.01218,12.1814,0.08591,0.89973,2.0342,2.7384,3.8815,2.8602,1.6339,14.2382,34.8471,f3,True
2033-02-21,2033Q1,130488,173,1238,0.78125,0.02,0.0121,12.0961,0.08591,0.89973,2.0342,2.7384,3.8815,2.8602,1.6339,14.2382,34.8471,f3,True
2033-02-28,2033Q1,129967,173,1238,0.78125,0.02,0.01205,12.0478,0.08591,0.89973,2.0342,2.7384,3.8815,2.8602,1.6339,14.2382,34.8471,f3,True
2033-03-07,2033Q1,130012,173,1238,0.78125,0.02,0.01205,12.052,0.08591,0.89973,2.0342,2.7384,3.8815,2.8602,1.6339,14.2382,34.8471,f3,True
2033-03-14,2033Q1,130661,173,1238,0.78125,0.02,0.01211,12.1121,0.08591,0.89973,2.0342,2.7384,3.8815,2.8602,1.6339,14.2382,34.8471,f3,True
2033-03-21,2033Q1,131813,173,1238,0.78125,0.02,0.01222,12.219,0.08591,0.89973,2.0342,2.7384,3.8815,2.8602,1.6339,14.2382,34.8471,f3,True
2033-03-28,2033Q1,133253,173,1238,0.78125,0.02,0.01235,12.3524,0.08591,0.89973,2.0342,2.7384,3.8815,2.8602,1.6339,14.2382,34.8471,f3,True
2033-04-04,2033Q2,134696,177.3,1269,0.78125,0.02,0.01218,12.1817,0.08333,0.87274,1.9732,2.6562,3.8953,2.8701,1.6248,13.9817,34.2767,f3,True
2033-04-11,2033Q2,135859,177.3,1269,0.78125,0.02,0.01229,12.2869,0.08333,0.87274,1.9732,2.6562,3.8953,2.8701,1.6248,13.9817,34.2767,f3,True
2033-04-18,2033Q2,136521,177.3,1269,0.78125,0.02,0.01235,12.3467,0.08333,0.87274,1.9732,2.6562,3.8953,2.8701,1.6248,13.9817,34.2767,f3,True
2033-04-25,2033Q2,136574,177.3,1269,0.78125,0.02,0.01235,12.3515,0.08333,0.87274,1.9732,2.6562,3.8953,2.8701,1.6248,13.9817,34.2767,f3,True
2033-05-02,2033Q2,136052,177.3,1269,0.78125,0.02,0.0123,12.3043,0.08333,0.87274,1.9732,2.6562,3.8953,2.8701,1.6248,13.9817,34.2767,f3,True
2033-05-09,2033Q2,135120,177.3,1269,0.78125,0.02,0.01222,12.22,0.08333,0.87274,1.9732,2.6562,3.8953,2.8701,1.6248,13.9817,34.2767,f3,True
2033-05-16,2033Q2,134037,177.3,1269,0.78125,0.02,0.01212,12.122,0.08333,0.87274,1.9732,2.6562,3.8953,2.8701,1.6248,13.9817,34.2767,f3,True
2033-05-23,2033Q2,133098,177.3,1269,0.78125,0.02,0.01204,12.0371,0.08333,0.87274,1.9732,2.6562,3.8953,2.8701,1.6248,13.9817,34.2767,f3,True
2033-05-30,2033Q2,132566,177.3,1269,0.78125,0.02,0.01199,11.989,0.08333,0.87274,1.9732,2.6562,3.8953,2.8701,1.6248,13.9817,34.2767,f3,True
2033-06-06,2033Q2,132612,177.3,1269,0.78125,0.02,0.01199,11.9932,0.08333,0.87274,1.9732,2.6562,3.8953,2.8701,1.6248,13.9817,34.2767,f3,True
2033-06-13,2033Q2,133274,177.3,1269,0.78125,0.02,0.01205,12.053,0.08333,0.87274,1.9732,2.6562,3.8953,2.8701,1.6248,13.9817,34.2767,f3,True
2033-06-20,2033Q2,134450,177.3,1269,0.78125,0.02,0.01216,12.1594,0.08333,0.87274,1.9732,2.6562,3.8953,2.8701,1.6248,13.9817,34.2767,f3,True
2033-06-27,2033Q2,135918,177.3,1269,0.78125,0.02,0.01229,12.2921,0.08333,0.87274,1.9732,2.6562,3.8953,2.8701,1.6248,13.9817,34.2767,f3,True
2033-07-04,2033Q3,137390,181.8,1301,0.78125,0.02,0.01212,12.1222,0.08083,0.84656,1.914,2.5765,3.9091,2.8801,1.6158,13.7298,33.7156,f3,True
2033-07-11,2033Q3,138577,181.8,1301,0.78125,0.02,0.01223,12.2269,0.08083,0.84656,1.914,2.5765,3.9091,2.8801,1.6158,13.7298,33.7156,f3,True
2033-07-18,2033Q3,139251,181.8,1301,0.78125,0.02,0.01229,12.2865,0.08083,0.84656,1.914,2.5765,3.9091,2.8801,1.6158,13.7298,33.7156,f3,True
2033-07-25,2033Q3,139306,181.8,1301,0.78125,0.02,0.01229,12.2913,0.08083,0.84656,1.914,2.5765,3.9091,2.8801,1.6158,13.7298,33.7156,f3,True
2033-08-01,2033Q3,138773,181.8,1301,0.78125,0.02,0.01224,12.2443,0.08083,0.84656,1.914,2.5765,3.9091,2.8801,1.6158,13.7298,33.7156,f3,True
2033-08-08,2033Q3,137822,181.8,1301,0.78125,0.02,0.01216,12.1604,0.08083,0.84656,1.914,2.5765,3.9091,2.8801,1.6158,13.7298,33.7156,f3,True
2033-08-15,2033Q3,136717,181.8,1301,0.78125,0.02,0.01206,12.0629,0.08083,0.84656,1.914,2.5765,3.9091,2.8801,1.6158,13.7298,33.7156,f3,True
2033-08-22,2033Q3,135760,181.8,1301,0.78125,0.02,0.01198,11.9784,0.08083,0.84656,1.914,2.5765,3.9091,2.8801,1.6158,13.7298,33.7156,f3,True
2033-08-29,2033Q3,135217,181.8,1301,0.78125,0.02,0.01193,11.9305,0.08083,0.84656,1.914,2.5765,3.9091,2.8801,1.6158,13.7298,33.7156,f3,True
2033-09-05,2033Q3,135264,181.8,1301,0.78125,0.02,0.01193,11.9347,0.08083,0.84656,1.914,2.5765,3.9091,2.8801,1.6158,13.7298,33.7156,f3,True
2033-09-12,2033Q3,135940,181.8,1301,0.78125,0.02,0.01199,11.9942,0.08083,0.84656,1.914,2.5765,3.9091,2.8801,1.6158,13.7298,33.7156,f3,True
2033-09-19,2033Q3,137139,181.8,1301,0.78125,0.02,0.0121,12.1,0.08083,0.84656,1.914,2.5765,3.9091,2.8801,1.6158,13.7298,33.7156,f3,True
2033-09-26,2033Q3,138636,181.8,1301,0.78125,0.02,0.01223,12.2322,0.08083,0.84656,1.914,2.5765,3.9091,2.8801,1.6158,13.7298,33.7156,f3,True
2033-10-03,2033Q4,140138,186.3,1334,0.78125,0.02,0.01206,12.0631,0.0784,0.82116,1.8565,2.4992,3.875,2.8547,1.5872,13.3175,32.7577,f3,True
2033-10-10,2033Q4,141348,186.3,1334,0.78125,0.02,0.01217,12.1673,0.0784,0.82116,1.8565,2.4992,3.875,2.8547,1.5872,13.3175,32.7577,f3,True
2033-10-17,2033Q4,142036,186.3,1334,0.78125,0.02,0.01223,12.2265,0.0784,0.82116,1.8565,2.4992,3.875,2.8547,1.5872,13.3175,32.7577,f3,True
2033-10-24,2033Q4,142092,186.3,1334,0.78125,0.02,0.01223,12.2313,0.0784,0.82116,1.8565,2.4992,3.875,2.8547,1.5872,13.3175,32.7577,f3,True
2033-10-31,2033Q4,141549,186.3,1334,0.78125,0.02,0.01218,12.1846,0.0784,0.82116,1.8565,2.4992,3.875,2.8547,1.5872,13.3175,32.7577,f3,True
2033-11-07,2033Q4,140579,186.3,1334,0.78125,0.02,0.0121,12.1011,0.0784,0.82116,1.8565,2.4992,3.875,2.8547,1.5872,13.3175,32.7577,f3,True
2033-11-14,2033Q4,139452,186.3,1334,0.78125,0.02,0.012,12.004,0.0784,0.82116,1.8565,2.4992,3.875,2.8547,1.5872,13.3175,32.7577,f3,True
2033-11-21,2033Q4,138475,186.3,1334,0.78125,0.02,0.01192,11.9199,0.0784,0.82116,1.8565,2.4992,3.875,2.8547,1.5872,13.3175,32.7577,f3,True
2033-11-28,2033Q4,137922,186.3,1334,0.78125,0.02,0.01187,11.8723,0.0784,0.82116,1.8565,2.4992,3.875,2.8547,1.5872,13.3175,32.7577,f3,True
2033-12-05,2033Q4,137969,186.3,1334,0.78125,0.02,0.01188,11.8764,0.0784,0.82116,1.8565,2.4992,3.875,2.8547,1.5872,13.3175,32.7577,f3,True
2033-12-12,2033Q4,138658,186.3,1334,0.78125,0.02,0.01194,11.9357,0.0784,0.82116,1.8565,2.4992,3.875,2.8547,1.5872,13.3175,32.7577,f3,True
2033-12-19,2033Q4,139881,186.3,1334,0.78125,0.02,0.01204,12.041,0.0784,0.82116,1.8565,2.4992,3.875,2.8547,1.5872,13.3175,32.7577,f3,True
2033-12-26,2033Q4,141409,186.3,1334,0.78125,0.02,0.01217,12.1725,0.0784,0.82116,1.8565,2.4992,3.875,2.8547,1.5872,13.3175,32.7577,f3,True
2034-01-02,2034Q1,142941,191,1367,0.78125,0.02,0.012,12.0043,0.07605,0.79653,1.8009,2.4242,3.8406,2.8291,1.5589,12.9155,31.8221,f3,True
2034-01-09,2034Q1,144175,191,1367,0.78125,0.02,0.01211,12.1079,0.07605,0.79653,1.8009,2.4242,3.8406,2.8291,1.5589,12.9155,31.8221,f3,True
2034-01-16,2034Q1,144877,191,1367,0.78125,0.02,0.01217,12.1669,0.07605,0.79653,1.8009,2.4242,3.8406,2.8291,1.5589,12.9155,31.8221,f3,True
2034-01-23,2034Q1,144934,191,1367,0.78125,0.02,0.01217,12.1716,0.07605,0.79653,1.8009,2.4242,3.8406,2.8291,1.5589,12.9155,31.8221,f3,True
2034-01-30,2034Q1,144380,191,1367,0.78125,0.02,0.01213,12.1251,0.07605,0.79653,1.8009,2.4242,3.8406,2.8291,1.5589,12.9155,31.8221,f3,True
2034-02-06,2034Q1,143390,191,1367,0.78125,0.02,0.01204,12.042,0.07605,0.79653,1.8009,2.4242,3.8406,2.8291,1.5589,12.9155,31.8221,f3,True
2034-02-13,2034Q1,142241,191,1367,0.78125,0.02,0.01195,11.9455,0.07605,0.79653,1.8009,2.4242,3.8406,2.8291,1.5589,12.9155,31.8221,f3,True
2034-02-20,2034Q1,141244,191,1367,0.78125,0.02,0.01186,11.8618,0.07605,0.79653,1.8009,2.4242,3.8406,2.8291,1.5589,12.9155,31.8221,f3,True
2034-02-27,2034Q1,140680,191,1367,0.78125,0.02,0.01181,11.8144,0.07605,0.79653,1.8009,2.4242,3.8406,2.8291,1.5589,12.9155,31.8221,f3,True
2034-03-06,2034Q1,140729,191,1367,0.78125,0.02,0.01182,11.8185,0.07605,0.79653,1.8009,2.4242,3.8406,2.8291,1.5589,12.9155,31.8221,f3,True
2034-03-13,2034Q1,141432,191,1367,0.78125,0.02,0.01188,11.8775,0.07605,0.79653,1.8009,2.4242,3.8406,2.8291,1.5589,12.9155,31.8221,f3,True
2034-03-20,2034Q1,142679,191,1367,0.78125,0.02,0.01198,11.9823,0.07605,0.79653,1.8009,2.4242,3.8406,2.8291,1.5589,12.9155,31.8221,f3,True
2034-03-27,2034Q1,144237,191,1367,0.78125,0.02,0.01211,12.1131,0.07605,0.79653,1.8009,2.4242,3.8406,2.8291,1.5589,12.9155,31.8221,f3,True
2034-04-03,2034Q2,145800,195.7,1401,0.78125,0.02,0.01195,11.9457,0.07377,0.77263,1.7468,2.3515,3.8058,2.8034,1.5308,12.5237,30.9084,f3,True
2034-04-10,2034Q2,147059,195.7,1401,0.78125,0.02,0.01205,12.0489,0.07377,0.77263,1.7468,2.3515,3.8058,2.8034,1.5308,12.5237,30.9084,f3,True
2034-04-17,2034Q2,147775,195.7,1401,0.78125,0.02,0.01211,12.1075,0.07377,0.77263,1.7468,2.3515,3.8058,2.8034,1.5308,12.5237,30.9084,f3,True
2034-04-24,2034Q2,147832,195.7,1401,0.78125,0.02,0.01211,12.1123,0.07377,0.77263,1.7468,2.3515,3.8058,2.8034,1.5308,12.5237,30.9084,f3,True
2034-05-01,2034Q2,147267,195.7,1401,0.78125,0.02,0.01207,12.066,0.07377,0.77263,1.7468,2.3515,3.8058,2.8034,1.5308,12.5237,30.9084,f3,True
2034-05-08,2034Q2,146258,195.7,1401,0.78125,0.02,0.01198,11.9833,0.07377,0.77263,1.7468,2.3515,3.8058,2.8034,1.5308,12.5237,30.9084,f3,True
2034-05-15,2034Q2,145086,195.7,1401,0.78125,0.02,0.01189,11.8872,0.07377,0.77263,1.7468,2.3515,3.8058,2.8034,1.5308,12.5237,30.9084,f3,True
2034-05-22,2034Q2,144069,195.7,1401,0.78125,0.02,0.0118,11.8039,0.07377,0.77263,1.7468,2.3515,3.8058,2.8034,1.5308,12.5237,30.9084,f3,True
2034-05-29,2034Q2,143494,195.7,1401,0.78125,0.02,0.01176,11.7568,0.07377,0.77263,1.7468,2.3515,3.8058,2.8034,1.5308,12.5237,30.9084,f3,True
2034-06-05,2034Q2,143543,195.7,1401,0.78125,0.02,0.01176,11.7609,0.07377,0.77263,1.7468,2.3515,3.8058,2.8034,1.5308,12.5237,30.9084,f3,True
2034-06-12,2034Q2,144260,195.7,1401,0.78125,0.02,0.01182,11.8196,0.07377,0.77263,1.7468,2.3515,3.8058,2.8034,1.5308,12.5237,30.9084,f3,True
2034-06-19,2034Q2,145533,195.7,1401,0.78125,0.02,0.01192,11.9238,0.07377,0.77263,1.7468,2.3515,3.8058,2.8034,1.5308,12.5237,30.9084,f3,True
2034-06-26,2034Q2,147122,195.7,1401,0.78125,0.02,0.01205,12.054,0.07377,0.77263,1.7468,2.3515,3.8058,2.8034,1.5308,12.5237,30.9084,f3,True
2034-07-03,2034Q3,148716,200.6,1436,0.78125,0.02,0.01189,11.8874,0.07156,0.74945,1.6944,2.281,3.7708,2.7774,1.503,12.1418,30.0161,f3,True
2034-07-10,2034Q3,150000,200.6,1436,0.78125,0.02,0.01199,11.9901,0.07156,0.74945,1.6944,2.281,3.7708,2.7774,1.503,12.1418,30.0161,f3,True
2034-07-17,2034Q3,150730,200.6,1436,0.78125,0.02,0.01205,12.0485,0.07156,0.74945,1.6944,2.281,3.7708,2.7774,1.503,12.1418,30.0161,f3,True
2034-07-24,2034Q3,150789,200.6,1436,0.78125,0.02,0.01205,12.0532,0.07156,0.74945,1.6944,2.281,3.7708,2.7774,1.503,12.1418,30.0161,f3,True
2034-07-31,2034Q3,150213,200.6,1436,0.78125,0.02,0.01201,12.0071,0.07156,0.74945,1.6944,2.281,3.7708,2.7774,1.503,12.1418,30.0161,f3,True
2034-08-07,2034Q3,149183,200.6,1436,0.78125,0.02,0.01192,11.9248,0.07156,0.74945,1.6944,2.281,3.7708,2.7774,1.503,12.1418,30.0161,f3,True
2034-08-14,2034Q3,147987,200.6,1436,0.78125,0.02,0.01183,11.8292,0.07156,0.74945,1.6944,2.281,3.7708,2.7774,1.503,12.1418,30.0161,f3,True
2034-08-21,2034Q3,146951,200.6,1436,0.78125,0.02,0.01175,11.7464,0.07156,0.74945,1.6944,2.281,3.7708,2.7774,1.503,12.1418,30.0161,f3,True
2034-08-28,2034Q3,146364,200.6,1436,0.78125,0.02,0.0117,11.6994,0.07156,0.74945,1.6944,2.281,3.7708,2.7774,1.503,12.1418,30.0161,f3,True
2034-09-04,2034Q3,146414,200.6,1436,0.78125,0.02,0.0117,11.7035,0.07156,0.74945,1.6944,2.281,3.7708,2.7774,1.503,12.1418,30.0161,f3,True
2034-09-11,2034Q3,147145,200.6,1436,0.78125,0.02,0.01176,11.7619,0.07156,0.74945,1.6944,2.281,3.7708,2.7774,1.503,12.1418,30.0161,f3,True
2034-09-18,2034Q3,148443,200.6,1436,0.78125,0.02,0.01187,11.8657,0.07156,0.74945,1.6944,2.281,3.7708,2.7774,1.503,12.1418,30.0161,f3,True
2034-09-25,2034Q3,150064,200.6,1436,0.78125,0.02,0.012,11.9952,0.07156,0.74945,1.6944,2.281,3.7708,2.7774,1.503,12.1418,30.0161,f3,True
2034-10-02,2034Q4,151690,205.6,1472,0.78125,0.02,0.01183,11.8295,0.06941,0.72697,1.6436,2.2125,3.7355,2.7511,1.4754,11.7696,29.1447,f3,True
2034-10-09,2034Q4,153000,205.6,1472,0.78125,0.02,0.01193,11.9316,0.06941,0.72697,1.6436,2.2125,3.7355,2.7511,1.4754,11.7696,29.1447,f3,True
2034-10-16,2034Q4,153745,205.6,1472,0.78125,0.02,0.01199,11.9897,0.06941,0.72697,1.6436,2.2125,3.7355,2.7511,1.4754,11.7696,29.1447,f3,True
2034-10-23,2034Q4,153805,205.6,1472,0.78125,0.02,0.01199,11.9944,0.06941,0.72697,1.6436,2.2125,3.7355,2.7511,1.4754,11.7696,29.1447,f3,True
2034-10-30,2034Q4,153217,205.6,1472,0.78125,0.02,0.01195,11.9485,0.06941,0.72697,1.6436,2.2125,3.7355,2.7511,1.4754,11.7696,29.1447,f3,True
2034-11-06,2034Q4,152167,205.6,1472,0.78125,0.02,0.01187,11.8667,0.06941,0.72697,1.6436,2.2125,3.7355,2.7511,1.4754,11.7696,29.1447,f3,True
2034-11-13,2034Q4,150947,205.6,1472,0.78125,0.02,0.01177,11.7715,0.06941,0.72697,1.6436,2.2125,3.7355,2.7511,1.4754,11.7696,29.1447,f3,True
2034-11-20,2034Q4,149890,205.6,1472,0.78125,0.02,0.01169,11.6891,0.06941,0.72697,1.6436,2.2125,3.7355,2.7511,1.4754,11.7696,29.1447,f3,True
2034-11-27,2034Q4,149291,205.6,1472,0.78125,0.02,0.01164,11.6424,0.06941,0.72697,1.6436,2.2125,3.7355,2.7511,1.4754,11.7696,29.1447,f3,True
2034-12-04,2034Q4,149343,205.6,1472,0.78125,0.02,0.01165,11.6464,0.06941,0.72697,1.6436,2.2125,3.7355,2.7511,1.4754,11.7696,29.1447,f3,True
2034-12-11,2034Q4,150088,205.6,1472,0.78125,0.02,0.0117,11.7045,0.06941,0.72697,1.6436,2.2125,3.7355,2.7511,1.4754,11.7696,29.1447,f3,True
2034-12-18,2034Q4,151412,205.6,1472,0.78125,0.02,0.01181,11.8078,0.06941,0.72697,1.6436,2.2125,3.7355,2.7511,1.4754,11.7696,29.1447,f3,True
2034-12-25,2034Q4,153066,205.6,1472,0.78125,0.02,0.01194,11.9367,0.06941,0.72697,1.6436,2.2125,3.7355,2.7511,1.4754,11.7696,29.1447,f3,True
2035-01-01,2035Q1,154724,210.8,1509,0.78125,0.02,0.01177,11.7717,0.06733,0.70516,1.5943,2.1462,3.6999,2.7247,1.4481,11.4069,28.2939,f3,True
2035-01-08,2035Q1,156060,210.8,1509,0.78125,0.02,0.01187,11.8734,0.06733,0.70516,1.5943,2.1462,3.6999,2.7247,1.4481,11.4069,28.2939,f3,True
2035-01-15,2035Q1,156820,210.8,1509,0.78125,0.02,0.01193,11.9312,0.06733,0.70516,1.5943,2.1462,3.6999,2.7247,1.4481,11.4069,28.2939,f3,True
2035-01-22,2035Q1,156881,210.8,1509,0.78125,0.02,0.01194,11.9359,0.06733,0.70516,1.5943,2.1462,3.6999,2.7247,1.4481,11.4069,28.2939,f3,True
2035-01-29,2035Q1,156281,210.8,1509,0.78125,0.02,0.01189,11.8903,0.06733,0.70516,1.5943,2.1462,3.6999,2.7247,1.4481,11.4069,28.2939,f3,True
2035-02-05,2035Q1,155210,210.8,1509,0.78125,0.02,0.01181,11.8088,0.06733,0.70516,1.5943,2.1462,3.6999,2.7247,1.4481,11.4069,28.2939,f3,True
2035-02-12,2035Q1,153966,210.8,1509,0.78125,0.02,0.01171,11.7141,0.06733,0.70516,1.5943,2.1462,3.6999,2.7247,1.4481,11.4069,28.2939,f3,True
2035-02-19,2035Q1,152887,210.8,1509,0.78125,0.02,0.01163,11.632,0.06733,0.70516,1.5943,2.1462,3.6999,2.7247,1.4481,11.4069,28.2939,f3,True
2035-02-26,2035Q1,152277,210.8,1509,0.78125,0.02,0.01159,11.5856,0.06733,0.70516,1.5943,2.1462,3.6999,2.7247,1.4481,11.4069,28.2939,f3,True
2035-03-05,2035Q1,152329,210.8,1509,0.78125,0.02,0.01159,11.5896,0.06733,0.70516,1.5943,2.1462,3.6999,2.7247,1.4481,11.4069,28.2939,f3,True
2035-03-12,2035Q1,153090,210.8,1509,0.78125,0.02,0.01165,11.6474,0.06733,0.70516,1.5943,2.1462,3.6999,2.7247,1.4481,11.4069,28.2939,f3,True
2035-03-19,2035Q1,154440,210.8,1509,0.78125,0.02,0.01175,11.7502,0.06733,0.70516,1.5943,2.1462,3.6999,2.7247,1.4481,11.4069,28.2939,f3,True
2035-03-26,2035Q1,156127,210.8,1509,0.78125,0.02,0.01188,11.8785,0.06733,0.70516,1.5943,2.1462,3.6999,2.7247,1.4481,11.4069,28.2939,f3,True
2035-04-02,2035Q2,157818,216.1,1547,0.78125,0.02,0.01171,11.7143,0.06531,0.68401,1.5465,2.0818,3.6639,2.6981,1.4211,11.0535,27.463,f3,True
2035-04-09,2035Q2,159181,216.1,1547,0.78125,0.02,0.01182,11.8155,0.06531,0.68401,1.5465,2.0818,3.6639,2.6981,1.4211,11.0535,27.463,f3,True
2035-04-16,2035Q2,159956,216.1,1547,0.78125,0.02,0.01187,11.873,0.06531,0.68401,1.5465,2.0818,3.6639,2.6981,1.4211,11.0535,27.463,f3,True
2035-04-23,2035Q2,160019,216.1,1547,0.78125,0.02,0.01188,11.8777,0.06531,0.68401,1.5465,2.0818,3.6639,2.6981,1.4211,11.0535,27.463,f3,True
2035-04-30,2035Q2,159407,216.1,1547,0.78125,0.02,0.01183,11.8323,0.06531,0.68401,1.5465,2.0818,3.6639,2.6981,1.4211,11.0535,27.463,f3,True
2035-05-07,2035Q2,158315,216.1,1547,0.78125,0.02,0.01175,11.7512,0.06531,0.68401,1.5465,2.0818,3.6639,2.6981,1.4211,11.0535,27.463,f3,True
2035-05-14,2035Q2,157045,216.1,1547,0.78125,0.02,0.01166,11.657,0.06531,0.68401,1.5465,2.0818,3.6639,2.6981,1.4211,11.0535,27.463,f3,True
2035-05-21,2035Q2,155945,216.1,1547,0.78125,0.02,0.01158,11.5753,0.06531,0.68401,1.5465,2.0818,3.6639,2.6981,1.4211,11.0535,27.463,f3,True
2035-05-28,2035Q2,155322,216.1,1547,0.78125,0.02,0.01153,11.529,0.06531,0.68401,1.5465,2.0818,3.6639,2.6981,1.4211,11.0535,27.463,f3,True
2035-06-04,2035Q2,155376,216.1,1547,0.78125,0.02,0.01153,11.533,0.06531,0.68401,1.5465,2.0818,3.6639,2.6981,1.4211,11.0535,27.463,f3,True
2035-06-11,2035Q2,156152,216.1,1547,0.78125,0.02,0.01159,11.5906,0.06531,0.68401,1.5465,2.0818,3.6639,2.6981,1.4211,11.0535,27.463,f3,True
2035-06-18,2035Q2,157529,216.1,1547,0.78125,0.02,0.01169,11.6929,0.06531,0.68401,1.5465,2.0818,3.6639,2.6981,1.4211,11.0535,27.463,f3,True
2035-06-25,2035Q2,159249,216.1,1547,0.78125,0.02,0.01182,11.8206,0.06531,0.68401,1.5465,2.0818,3.6639,2.6981,1.4211,11.0535,27.463,f3,True
2035-07-02,2035Q3,160975,221.5,1585,0.78125,0.02,0.01166,11.6572,0.06335,0.66349,1.5001,2.0193,3.6277,2.6712,1.3943,10.709,26.6518,f3,True
2035-07-09,2035Q3,162365,221.5,1585,0.78125,0.02,0.01176,11.7578,0.06335,0.66349,1.5001,2.0193,3.6277,2.6712,1.3943,10.709,26.6518,f3,True
2035-07-16,2035Q3,163155,221.5,1585,0.78125,0.02,0.01182,11.8151,0.06335,0.66349,1.5001,2.0193,3.6277,2.6712,1.3943,10.709,26.6518,f3,True
2035-07-23,2035Q3,163219,221.5,1585,0.78125,0.02,0.01182,11.8197,0.06335,0.66349,1.5001,2.0193,3.6277,2.6712,1.3943,10.709,26.6518,f3,True
2035-07-30,2035Q3,162595,221.5,1585,0.78125,0.02,0.01177,11.7745,0.06335,0.66349,1.5001,2.0193,3.6277,2.6712,1.3943,10.709,26.6518,f3,True
2035-08-06,2035Q3,161481,221.5,1585,0.78125,0.02,0.01169,11.6938,0.06335,0.66349,1.5001,2.0193,3.6277,2.6712,1.3943,10.709,26.6518,f3,True
2035-08-13,2035Q3,160186,221.5,1585,0.78125,0.02,0.0116,11.6001,0.06335,0.66349,1.5001,2.0193,3.6277,2.6712,1.3943,10.709,26.6518,f3,True
2035-08-20,2035Q3,159064,221.5,1585,0.78125,0.02,0.01152,11.5188,0.06335,0.66349,1.5001,2.0193,3.6277,2.6712,1.3943,10.709,26.6518,f3,True
2035-08-27,2035Q3,158429,221.5,1585,0.78125,0.02,0.01147,11.4728,0.06335,0.66349,1.5001,2.0193,3.6277,2.6712,1.3943,10.709,26.6518,f3,True
2035-09-03,2035Q3,158484,221.5,1585,0.78125,0.02,0.01148,11.4768,0.06335,0.66349,1.5001,2.0193,3.6277,2.6712,1.3943,10.709,26.6518,f3,True
2035-09-10,2035Q3,159275,221.5,1585,0.78125,0.02,0.01153,11.5341,0.06335,0.66349,1.5001,2.0193,3.6277,2.6712,1.3943,10.709,26.6518,f3,True
2035-09-17,2035Q3,160680,221.5,1585,0.78125,0.02,0.01164,11.6358,0.06335,0.66349,1.5001,2.0193,3.6277,2.6712,1.3943,10.709,26.6518,f3,True
2035-09-24,2035Q3,162434,221.5,1585,0.78125,0.02,0.01176,11.7629,0.06335,0.66349,1.5001,2.0193,3.6277,2.6712,1.3943,10.709,26.6518,f3,True
2035-10-01,2035Q4,164194,227,1625,0.78125,0.02,0.0116,11.6003,0.06145,0.64358,1.4551,1.9587,3.5912,2.6441,1.3677,10.3734,25.8598,f3,True
2035-10-08,2035Q4,165612,227,1625,0.78125,0.02,0.0117,11.7005,0.06145,0.64358,1.4551,1.9587,3.5912,2.6441,1.3677,10.3734,25.8598,f3,True
2035-10-15,2035Q4,166418,227,1625,0.78125,0.02,0.01176,11.7575,0.06145,0.64358,1.4551,1.9587,3.5912,2.6441,1.3677,10.3734,25.8598,f3,True
2035-10-22,2035Q4,166483,227,1625,0.78125,0.02,0.01176,11.7621,0.06145,0.64358,1.4551,1.9587,3.5912,2.6441,1.3677,10.3734,25.8598,f3,True
2035-10-29,2035Q4,165847,227,1625,0.78125,0.02,0.01172,11.7171,0.06145,0.64358,1.4551,1.9587,3.5912,2.6441,1.3677,10.3734,25.8598,f3,True
2035-11-05,2035Q4,164710,227,1625,0.78125,0.02,0.01164,11.6368,0.06145,0.64358,1.4551,1.9587,3.5912,2.6441,1.3677,10.3734,25.8598,f3,True
2035-11-12,2035Q4,163390,227,1625,0.78125,0.02,0.01154,11.5435,0.06145,0.64358,1.4551,1.9587,3.5912,2.6441,1.3677,10.3734,25.8598,f3,True
2035-11-19,2035Q4,162245,227,1625,0.78125,0.02,0.01146,11.4626,0.06145,0.64358,1.4551,1.9587,3.5912,2.6441,1.3677,10.3734,25.8598,f3,True
2035-11-26,2035Q4,161597,227,1625,0.78125,0.02,0.01142,11.4168,0.06145,0.64358,1.4551,1.9587,3.5912,2.6441,1.3677,10.3734,25.8598,f3,True
2035-12-03,2035Q4,161653,227,1625,0.78125,0.02,0.01142,11.4208,0.06145,0.64358,1.4551,1.9587,3.5912,2.6441,1.3677,10.3734,25.8598,f3,True
2035-12-10,2035Q4,162460,227,1625,0.78125,0.02,0.01148,11.4778,0.06145,0.64358,1.4551,1.9587,3.5912,2.6441,1.3677,10.3734,25.8598,f3,True
2035-12-17,2035Q4,163893,227,1625,0.78125,0.02,0.01158,11.5791,0.06145,0.64358,1.4551,1.9587,3.5912,2.6441,1.3677,10.3734,25.8598,f3,True
2035-12-24,2035Q4,165683,227,1625,0.78125,0.02,0.01171,11.7055,0.06145,0.64358,1.4551,1.9587,3.5912,2.6441,1.3677,10.3734,25.8598,f3,True
