week,quarter,btc_usd,btc_difficulty_T,btc_hashrate_EHs,btc_block_subsidy,btc_fee_share,btc_hashprice_usd_th_day,btc_hashprice_usd_ph_day,asic_price_usd_th_old,asic_price_usd_th_mid,asic_price_usd_th_new,asic_price_usd_th_latest,gpu_h100_hyperscaler_usd_hr,gpu_h100_neocloud_usd_hr,gpu_h100_spot_usd_hr,gpu_rubin_hyperscaler_usd_hr,gpu_rubin_ultra_hyperscaler_usd_hr,scenario,estimate
2027-01-04,2027Q1,87871.33,127.905,960.52,3.125,0.0108,0.0499,49.85,0.217,2.265,5.12,6.892,5.3,3.8,1.9,17.5,,s0,True
2027-01-11,2027Q1,85379.38,127.802,960.4,3.125,0.0108,0.0484,48.44,0.217,2.265,5.12,6.892,5.29,3.79,1.9,17.5,,s0,True
2027-01-18,2027Q1,84870.84,128.154,965.81,3.125,0.0108,0.0479,47.89,0.217,2.265,5.12,6.892,5.29,3.79,1.89,17.5,,s0,True
2027-01-25,2027Q1,85094.02,128.303,962.65,3.125,0.0108,0.0482,48.17,0.217,2.265,5.12,6.892,5.28,3.79,1.89,17.5,,s0,True
2027-02-01,2027Q1,85757.46,128.115,962.97,3.125,0.0108,0.0485,48.53,0.217,2.265,5.12,6.892,5.28,3.78,1.89,17.5,,s0,True
2027-02-08,2027Q1,87820.12,127.613,955.11,3.125,0.0108,0.0501,50.1,0.217,2.265,5.12,6.892,5.27,3.78,1.89,17.5,,s0,True
2027-02-15,2027Q1,84690.01,127.388,959.6,3.125,0.0108,0.0481,48.09,0.217,2.265,5.12,6.892,5.27,3.78,1.88,17.5,,s0,True
2027-02-22,2027Q1,83856.08,127.735,960.32,3.125,0.0108,0.0476,47.58,0.217,2.265,5.12,6.892,5.26,3.78,1.88,17.5,,s0,True
2027-03-01,2027Q1,92542.47,128.14,965.69,3.125,0.0108,0.0522,52.22,0.217,2.265,5.12,6.892,5.26,3.77,1.88,17.5,,s0,True
2027-03-08,2027Q1,94029.33,128.283,962.47,3.125,0.0108,0.0532,53.24,0.217,2.265,5.12,6.892,5.25,3.77,1.88,17.5,,s0,True
2027-03-15,2027Q1,94465.6,127.739,957.51,3.125,0.0108,0.0538,53.76,0.217,2.265,5.12,6.892,5.25,3.77,1.87,17.5,,s0,True
2027-03-22,2027Q1,90420.14,127.32,956.18,3.125,0.0108,0.0515,51.53,0.217,2.265,5.12,6.892,5.24,3.76,1.87,17.5,,s0,True
2027-03-29,2027Q1,89000.0,127.819,965.0,3.125,0.0108,0.0503,50.26,0.217,2.265,5.12,6.892,5.24,3.76,1.87,17.5,,s0,True
2027-04-05,2027Q2,87127.28,128.232,962.38,3.125,0.011,0.0493,49.34,0.213,2.229,5.04,6.785,5.23,3.75,1.87,17.49,,s0,True
2027-04-12,2027Q2,84512.89,128.392,967.41,3.125,0.011,0.0476,47.61,0.213,2.229,5.04,6.785,5.22,3.75,1.86,17.47,,s0,True
2027-04-19,2027Q2,82172.93,128.09,957.85,3.125,0.011,0.0468,46.76,0.213,2.229,5.04,6.785,5.21,3.74,1.86,17.46,,s0,True
2027-04-26,2027Q2,82579.75,127.762,962.47,3.125,0.011,0.0468,46.76,0.213,2.229,5.04,6.785,5.2,3.73,1.85,17.44,,s0,True
2027-05-03,2027Q2,82353.87,128.094,962.84,3.125,0.011,0.0466,46.62,0.213,2.229,5.04,6.785,5.19,3.73,1.85,17.43,,s0,True
2027-05-10,2027Q2,85381.18,128.594,969.98,3.125,0.011,0.048,47.98,0.213,2.229,5.04,6.785,5.18,3.72,1.85,17.42,,s0,True
2027-05-17,2027Q2,87463.08,128.996,968.89,3.125,0.011,0.0492,49.2,0.213,2.229,5.04,6.785,5.18,3.71,1.84,17.4,,s0,True
2027-05-24,2027Q2,86199.46,128.74,966.13,3.125,0.011,0.0486,48.63,0.213,2.229,5.04,6.785,5.17,3.7,1.84,17.39,,s0,True
2027-05-31,2027Q2,92371.47,128.619,967.08,3.125,0.011,0.0521,52.06,0.213,2.229,5.04,6.785,5.16,3.7,1.84,17.38,,s0,True
2027-06-07,2027Q2,90253.95,129.104,973.42,3.125,0.011,0.0505,50.53,0.213,2.229,5.04,6.785,5.15,3.69,1.83,17.36,,s0,True
2027-06-14,2027Q2,89878.63,130.105,982.13,3.125,0.011,0.0499,49.88,0.213,2.229,5.04,6.785,5.14,3.68,1.83,17.35,,s0,True
2027-06-21,2027Q2,89401.62,131.004,986.92,3.125,0.011,0.0494,49.37,0.213,2.229,5.04,6.785,5.13,3.68,1.82,17.33,,s0,True
2027-06-28,2027Q2,93000.0,130.529,975.0,3.125,0.011,0.052,51.99,0.213,2.229,5.04,6.785,5.12,3.67,1.82,17.32,,s0,True
2027-07-05,2027Q3,91379.6,130.418,985.25,3.125,0.0112,0.0506,50.56,0.203,2.119,4.791,6.449,5.11,3.66,1.81,17.29,40.0,s0,True
2027-07-12,2027Q3,91288.58,130.982,983.48,3.125,0.0112,0.0506,50.6,0.203,2.119,4.791,6.449,5.09,3.65,1.81,17.27,40.0,s0,True
2027-07-19,2027Q3,90597.76,131.116,987.26,3.125,0.0112,0.05,50.03,0.203,2.119,4.791,6.449,5.08,3.64,1.8,17.24,40.0,s0,True
2027-07-26,2027Q3,95138.39,131.416,987.99,3.125,0.0112,0.0525,52.49,0.203,2.119,4.791,6.449,5.06,3.63,1.8,17.21,40.0,s0,True
2027-08-02,2027Q3,92411.53,131.098,982.48,3.125,0.0112,0.0513,51.28,0.203,2.119,4.791,6.449,5.05,3.62,1.79,17.19,40.0,s0,True
2027-08-09,2027Q3,95060.46,130.784,983.27,3.125,0.0112,0.0527,52.7,0.203,2.119,4.791,6.449,5.03,3.61,1.78,17.16,40.0,s0,True
2027-08-16,2027Q3,92676.19,130.486,978.0,3.125,0.0112,0.0517,51.66,0.203,2.119,4.791,6.449,5.02,3.61,1.78,17.13,40.0,s0,True
2027-08-23,2027Q3,91595.8,130.856,988.82,3.125,0.0112,0.0505,50.5,0.203,2.119,4.791,6.449,5.0,3.6,1.77,17.1,40.0,s0,True
2027-08-30,2027Q3,91920.67,131.599,989.18,3.125,0.0112,0.0507,50.66,0.203,2.119,4.791,6.449,4.99,3.59,1.76,17.08,40.0,s0,True
2027-09-06,2027Q3,92292.81,131.513,987.52,3.125,0.0112,0.0509,50.95,0.203,2.119,4.791,6.449,4.97,3.58,1.76,17.05,40.0,s0,True
2027-09-13,2027Q3,89023.47,131.84,994.09,3.125,0.0112,0.0488,48.82,0.203,2.119,4.791,6.449,4.96,3.57,1.75,17.02,40.0,s0,True
2027-09-20,2027Q3,94967.39,132.427,996.35,3.125,0.0112,0.052,51.96,0.203,2.119,4.791,6.449,4.94,3.56,1.75,17.0,40.0,s0,True
2027-09-27,2027Q3,92000.0,132.155,990.0,3.125,0.0112,0.0507,50.66,0.203,2.119,4.791,6.449,4.93,3.55,1.74,16.97,40.0,s0,True
2027-10-04,2027Q4,90889.13,131.979,993.71,3.125,0.0115,0.0499,49.88,0.201,2.098,4.742,6.384,4.92,3.54,1.73,16.93,39.94,s0,True
2027-10-11,2027Q4,87984.43,132.191,993.18,3.125,0.0115,0.0483,48.31,0.201,2.098,4.742,6.384,4.9,3.53,1.73,16.89,39.88,s0,True
2027-10-18,2027Q4,89647.71,131.851,988.6,3.125,0.0115,0.0494,49.45,0.201,2.098,4.742,6.384,4.89,3.52,1.72,16.85,39.82,s0,True
2027-10-25,2027Q4,90898.78,131.82,992.72,3.125,0.0115,0.0499,49.93,0.201,2.098,4.742,6.384,4.87,3.51,1.72,16.81,39.75,s0,True
2027-11-01,2027Q4,87979.45,132.1,992.79,3.125,0.0115,0.0483,48.32,0.201,2.098,4.742,6.384,4.86,3.5,1.71,16.77,39.69,s0,True
2027-11-08,2027Q4,90186.73,132.776,1002.9,3.125,0.0115,0.049,49.04,0.201,2.098,4.742,6.384,4.85,3.49,1.7,16.73,39.63,s0,True
2027-11-15,2027Q4,90866.64,133.744,1007.33,3.125,0.0115,0.0492,49.19,0.201,2.098,4.742,6.384,4.83,3.48,1.7,16.69,39.57,s0,True
2027-11-22,2027Q4,92996.21,134.161,1009.17,3.125,0.0115,0.0503,50.25,0.201,2.098,4.742,6.384,4.82,3.47,1.69,16.65,39.51,s0,True
2027-11-29,2027Q4,96438.63,133.853,1002.71,3.125,0.0115,0.0524,52.45,0.201,2.098,4.742,6.384,4.81,3.46,1.68,16.61,39.45,s0,True
2027-12-06,2027Q4,96851.45,133.543,1004.51,3.125,0.0115,0.0526,52.58,0.201,2.098,4.742,6.384,4.79,3.45,1.68,16.57,39.38,s0,True
2027-12-13,2027Q4,98571.73,133.373,1000.15,3.125,0.0115,0.0537,53.74,0.201,2.098,4.742,6.384,4.78,3.44,1.67,16.53,39.32,s0,True
2027-12-20,2027Q4,96040.25,133.494,1006.33,3.125,0.0115,0.052,52.04,0.201,2.098,4.742,6.384,4.76,3.43,1.67,16.49,39.26,s0,True
2027-12-27,2027Q4,98000.0,134.149,1010.0,3.125,0.0115,0.0529,52.91,0.201,2.098,4.742,6.384,4.75,3.42,1.66,16.45,39.2,s0,True
2028-01-03,2028Q1,98085.09,134.955,1018.44,3.125,0.0118,0.0525,52.53,0.197,2.061,4.659,6.272,4.73,3.41,1.65,16.4,39.08,s0,True
2028-01-10,2028Q1,98735.69,136.037,1026.27,3.125,0.0118,0.0525,52.48,0.197,2.061,4.659,6.272,4.71,3.4,1.64,16.34,38.95,s0,True
2028-01-17,2028Q1,97546.11,136.153,1020.18,3.125,0.0118,0.0522,52.16,0.197,2.061,4.659,6.272,4.69,3.38,1.64,16.29,38.83,s0,True
2028-01-24,2028Q1,97180.75,135.327,1013.84,3.125,0.0118,0.0523,52.29,0.197,2.061,4.659,6.272,4.68,3.37,1.63,16.23,38.71,s0,True
2028-01-31,2028Q1,96141.12,134.765,1011.74,3.125,0.0118,0.0518,51.83,0.197,2.061,4.659,6.272,4.66,3.36,1.62,16.18,38.58,s0,True
2028-02-07,2028Q1,95442.07,135.146,1019.57,3.125,0.0118,0.0511,51.06,0.197,2.061,4.659,6.272,4.64,3.35,1.61,16.13,38.46,s0,True
2028-02-14,2028Q1,97864.61,135.324,1014.42,3.125,0.0118,0.0526,52.62,0.197,2.061,4.659,6.272,4.62,3.33,1.61,16.07,38.34,s0,True
2028-02-21,2028Q1,98827.93,134.901,1013.2,3.125,0.0118,0.0532,53.21,0.197,2.061,4.659,6.272,4.6,3.32,1.6,16.02,38.22,s0,True
2028-02-28,2028Q1,100542.94,134.734,1011.91,3.125,0.0118,0.0542,54.2,0.197,2.061,4.659,6.272,4.58,3.31,1.59,15.97,38.09,s0,True
2028-03-06,2028Q1,101652.33,135.357,1022.57,3.125,0.0118,0.0542,54.23,0.197,2.061,4.659,6.272,4.57,3.3,1.58,15.91,37.97,s0,True
2028-03-13,2028Q1,101214.81,136.283,1025.82,3.125,0.0118,0.0538,53.82,0.197,2.061,4.659,6.272,4.55,3.28,1.58,15.86,37.85,s0,True
2028-03-20,2028Q1,99852.49,136.998,1033.32,3.125,0.0118,0.0527,52.71,0.197,2.061,4.659,6.272,4.53,3.27,1.57,15.8,37.72,s0,True
2028-03-27,2028Q1,103000.0,137.276,1030.0,3.125,0.0118,0.0545,54.55,0.197,2.061,4.659,6.272,4.51,3.26,1.56,15.75,37.6,s0,True
2028-04-03,2028Q2,105157.75,136.949,1028.4,3.125,0.0118,0.0558,55.78,0.165,1.73,3.911,5.265,4.35,3.15,1.49,15.32,36.62,s0,True
2028-04-10,2028Q2,108193.91,136.39,1021.6,3.125,0.0118,0.0578,57.77,0.165,1.73,3.911,5.265,4.27,3.1,1.46,15.12,36.17,s0,True
2028-04-17,2028Q2,114217.29,135.659,1017.43,1.5625,0.021,0.0309,30.91,0.165,1.73,3.911,5.265,4.21,3.05,1.44,14.97,35.81,s0,True
2028-04-24,2028Q2,113295.62,134.356,1002.01,1.5625,0.021,0.0311,31.13,0.165,1.73,3.911,5.265,4.16,3.02,1.42,14.83,35.51,s0,True
2028-05-01,2028Q2,116552.6,132.418,988.3,1.5625,0.021,0.0325,32.47,0.165,1.73,3.911,5.265,4.11,2.99,1.4,14.72,35.24,s0,True
2028-05-08,2028Q2,114067.2,130.357,971.03,1.5625,0.021,0.0323,32.34,0.165,1.73,3.911,5.265,4.07,2.96,1.38,14.61,34.99,s0,True
2028-05-15,2028Q2,112090.01,128.08,954.07,1.5625,0.021,0.0323,32.34,0.165,1.73,3.911,5.265,4.03,2.93,1.37,14.5,34.75,s0,True
2028-05-22,2028Q2,107393.8,126.773,951.39,1.5625,0.021,0.0311,31.08,0.165,1.73,3.911,5.265,4.0,2.91,1.35,14.41,34.54,s0,True
2028-05-29,2028Q2,104753.14,127.002,957.51,1.5625,0.021,0.0301,30.12,0.165,1.73,3.911,5.265,3.96,2.88,1.34,14.32,34.33,s0,True
2028-06-05,2028Q2,108404.44,128.096,967.83,1.5625,0.021,0.0308,30.84,0.165,1.73,3.911,5.265,3.93,2.86,1.33,14.24,34.14,s0,True
2028-06-12,2028Q2,108118.56,128.846,968.79,1.5625,0.021,0.0307,30.72,0.165,1.73,3.911,5.265,3.9,2.84,1.31,14.15,33.95,s0,True
2028-06-19,2028Q2,110342.86,129.685,980.45,1.5625,0.021,0.031,30.98,0.165,1.73,3.911,5.265,3.87,2.82,1.3,14.08,33.77,s0,True
2028-06-26,2028Q2,108000.0,130.764,985.0,1.5625,0.021,0.0302,30.19,0.165,1.73,3.911,5.265,3.84,2.8,1.29,14.0,33.6,s0,True
2028-07-03,2028Q3,106386.23,131.402,990.03,1.5625,0.02,0.0296,29.55,0.161,1.679,3.797,5.111,3.82,2.79,1.28,13.95,33.48,s0,True
2028-07-10,2028Q3,105402.87,131.904,992.55,1.5625,0.02,0.0292,29.21,0.161,1.679,3.797,5.111,3.8,2.77,1.28,13.89,33.35,s0,True
2028-07-17,2028Q3,108120.86,131.862,989.39,1.5625,0.02,0.0301,30.05,0.161,1.679,3.797,5.111,3.78,2.76,1.27,13.84,33.23,s0,True
2028-07-24,2028Q3,104729.53,131.751,990.89,1.5625,0.02,0.0291,29.07,0.161,1.679,3.797,5.111,3.76,2.75,1.26,13.78,33.11,s0,True
2028-07-31,2028Q3,103450.35,131.801,990.14,1.5625,0.02,0.0287,28.73,0.161,1.679,3.797,5.111,3.74,2.73,1.26,13.73,32.98,s0,True
2028-08-07,2028Q3,104578.74,131.96,993.28,1.5625,0.02,0.029,28.96,0.161,1.679,3.797,5.111,3.72,2.72,1.25,13.68,32.86,s0,True
2028-08-14,2028Q3,108659.43,132.824,1003.13,1.5625,0.02,0.0298,29.79,0.161,1.679,3.797,5.111,3.71,2.71,1.24,13.62,32.74,s0,True
2028-08-21,2028Q3,107886.23,133.235,999.46,1.5625,0.02,0.0297,29.69,0.161,1.679,3.797,5.111,3.69,2.7,1.23,13.57,32.62,s0,True
2028-08-28,2028Q3,107048.01,132.851,997.36,1.5625,0.02,0.0295,29.52,0.161,1.679,3.797,5.111,3.67,2.68,1.23,13.52,32.49,s0,True
2028-09-04,2028Q3,107011.11,132.819,998.98,1.5625,0.02,0.0295,29.46,0.161,1.679,3.797,5.111,3.65,2.67,1.22,13.46,32.37,s0,True
2028-09-11,2028Q3,109000.74,132.718,995.83,1.5625,0.02,0.0301,30.1,0.161,1.679,3.797,5.111,3.63,2.66,1.21,13.41,32.25,s0,True
2028-09-18,2028Q3,112994.6,132.963,1002.67,1.5625,0.02,0.031,30.99,0.161,1.679,3.797,5.111,3.61,2.64,1.21,13.35,32.12,s0,True
2028-09-25,2028Q3,111000.0,133.241,1000.0,1.5625,0.02,0.0305,30.53,0.161,1.679,3.797,5.111,3.59,2.63,1.2,13.3,32.0,s0,True
2028-10-02,2028Q4,110322.12,133.84,1011.68,1.5625,0.019,0.03,29.96,0.158,1.652,3.735,5.028,3.58,2.62,1.2,13.26,31.91,s0,True
2028-10-09,2028Q4,104226.68,134.503,1009.97,1.5625,0.019,0.0284,28.35,0.158,1.652,3.735,5.028,3.57,2.62,1.19,13.22,31.82,s0,True
2028-10-16,2028Q4,103794.01,133.996,1004.05,1.5625,0.019,0.0284,28.4,0.158,1.652,3.735,5.028,3.56,2.61,1.19,13.18,31.72,s0,True
2028-10-23,2028Q4,105082.42,133.556,1003.36,1.5625,0.019,0.0288,28.77,0.158,1.652,3.735,5.028,3.55,2.61,1.18,13.14,31.63,s0,True
2028-10-30,2028Q4,106030.43,134.237,1014.29,1.5625,0.019,0.0287,28.72,0.158,1.652,3.735,5.028,3.54,2.6,1.18,13.1,31.54,s0,True
2028-11-06,2028Q4,110715.68,135.234,1018.34,1.5625,0.019,0.0299,29.87,0.158,1.652,3.735,5.028,3.53,2.59,1.18,13.06,31.45,s0,True
2028-11-13,2028Q4,115022.49,135.692,1021.18,1.5625,0.019,0.0309,30.95,0.158,1.652,3.735,5.028,3.53,2.59,1.17,13.02,31.35,s0,True
2028-11-20,2028Q4,117373.9,135.67,1018.0,1.5625,0.019,0.0317,31.68,0.158,1.652,3.735,5.028,3.52,2.58,1.17,12.98,31.26,s0,True
2028-11-27,2028Q4,117102.22,135.772,1022.71,1.5625,0.019,0.0315,31.46,0.158,1.652,3.735,5.028,3.51,2.57,1.17,12.94,31.17,s0,True
2028-12-04,2028Q4,121374.13,136.372,1027.02,1.5625,0.019,0.0325,32.47,0.158,1.652,3.735,5.028,3.5,2.57,1.16,12.9,31.08,s0,True
2028-12-11,2028Q4,118278.02,136.521,1024.95,1.5625,0.019,0.0317,31.7,0.158,1.652,3.735,5.028,3.49,2.56,1.16,12.86,30.98,s0,True
2028-12-18,2028Q4,116906.13,136.453,1026.0,1.5625,0.019,0.0313,31.3,0.158,1.652,3.735,5.028,3.48,2.56,1.15,12.82,30.89,s0,True
2028-12-25,2028Q4,118000.0,136.789,1030.0,1.5625,0.019,0.0315,31.48,0.158,1.652,3.735,5.028,3.47,2.55,1.15,12.78,30.8,s0,True
2029-01-01,2029Q1,118428.93,137.151,1031.44,1.5625,0.018,0.0315,31.51,0.154,1.612,3.646,4.907,3.47,2.55,1.15,12.75,30.71,s0,True
2029-01-08,2029Q1,115778.25,137.741,1038.88,1.5625,0.018,0.0306,30.59,0.154,1.612,3.646,4.907,3.46,2.54,1.15,12.72,30.62,s0,True
2029-01-15,2029Q1,117285.97,138.191,1038.2,1.5625,0.018,0.031,31.01,0.154,1.612,3.646,4.907,3.46,2.54,1.15,12.7,30.52,s0,True
2029-01-22,2029Q1,115774.77,138.114,1037.71,1.5625,0.018,0.0306,30.62,0.154,1.612,3.646,4.907,3.45,2.53,1.14,12.67,30.43,s0,True
2029-01-29,2029Q1,120046.09,138.427,1042.91,1.5625,0.018,0.0316,31.59,0.154,1.612,3.646,4.907,3.45,2.53,1.14,12.64,30.34,s0,True
2029-02-05,2029Q1,120820.89,138.575,1039.94,1.5625,0.018,0.0319,31.89,0.154,1.612,3.646,4.907,3.44,2.53,1.14,12.61,30.25,s0,True
2029-02-12,2029Q1,121918.32,138.594,1043.18,1.5625,0.018,0.0321,32.08,0.154,1.612,3.646,4.907,3.44,2.52,1.14,12.59,30.15,s0,True
2029-02-19,2029Q1,127688.25,139.066,1047.05,1.5625,0.018,0.0335,33.47,0.154,1.612,3.646,4.907,3.43,2.52,1.14,12.56,30.06,s0,True
2029-02-26,2029Q1,125559.11,139.43,1048.65,1.5625,0.018,0.0329,32.86,0.154,1.612,3.646,4.907,3.43,2.52,1.14,12.53,29.97,s0,True
2029-03-05,2029Q1,127236.71,139.34,1045.69,1.5625,0.018,0.0334,33.4,0.154,1.612,3.646,4.907,3.42,2.51,1.13,12.5,29.88,s0,True
2029-03-12,2029Q1,122862.0,139.241,1047.16,1.5625,0.018,0.0322,32.2,0.154,1.612,3.646,4.907,3.42,2.51,1.13,12.48,29.78,s0,True
2029-03-19,2029Q1,120692.36,140.092,1058.49,1.5625,0.018,0.0313,31.29,0.154,1.612,3.646,4.907,3.41,2.5,1.13,12.45,29.69,s0,True
2029-03-26,2029Q1,124000.0,140.946,1060.0,1.5625,0.018,0.0321,32.11,0.154,1.612,3.646,4.907,3.41,2.5,1.13,12.42,29.6,s0,True
2029-04-02,2029Q2,123584.99,141.455,1066.14,1.5625,0.0175,0.0318,31.8,0.151,1.579,3.57,4.806,3.41,2.5,1.13,12.39,29.51,s0,True
2029-04-09,2029Q2,131039.36,142.34,1073.29,1.5625,0.0175,0.0335,33.49,0.151,1.579,3.57,4.806,3.4,2.49,1.13,12.37,29.42,s0,True
2029-04-16,2029Q2,132756.1,142.766,1072.56,1.5625,0.0175,0.034,33.95,0.151,1.579,3.57,4.806,3.4,2.49,1.13,12.34,29.32,s0,True
2029-04-23,2029Q2,129176.24,142.8,1073.79,1.5625,0.0175,0.033,33.0,0.151,1.579,3.57,4.806,3.39,2.49,1.12,12.32,29.23,s0,True
2029-04-30,2029Q2,131279.96,143.342,1080.71,1.5625,0.0175,0.0333,33.32,0.151,1.579,3.57,4.806,3.39,2.48,1.12,12.29,29.14,s0,True
2029-05-07,2029Q2,134964.95,143.543,1076.81,1.5625,0.0175,0.0344,34.38,0.151,1.579,3.57,4.806,3.38,2.48,1.12,12.26,29.05,s0,True
2029-05-14,2029Q2,142296.26,143.413,1078.75,1.5625,0.0175,0.0362,36.19,0.151,1.579,3.57,4.806,3.38,2.48,1.12,12.24,28.95,s0,True
2029-05-21,2029Q2,138029.34,144.155,1087.96,1.5625,0.0175,0.0348,34.8,0.151,1.579,3.57,4.806,3.37,2.48,1.12,12.21,28.86,s0,True
2029-05-28,2029Q2,135891.1,144.652,1086.23,1.5625,0.0175,0.0343,34.32,0.151,1.579,3.57,4.806,3.37,2.47,1.12,12.18,28.77,s0,True
2029-06-04,2029Q2,132015.13,144.174,1080.77,1.5625,0.0175,0.0335,33.51,0.151,1.579,3.57,4.806,3.36,2.47,1.11,12.16,28.68,s0,True
2029-06-11,2029Q2,130076.95,143.578,1077.27,1.5625,0.0175,0.0331,33.12,0.151,1.579,3.57,4.806,3.36,2.47,1.11,12.13,28.58,s0,True
2029-06-18,2029Q2,129192.34,143.772,1083.69,1.5625,0.0175,0.0327,32.7,0.151,1.579,3.57,4.806,3.35,2.46,1.11,12.11,28.49,s0,True
2029-06-25,2029Q2,130000.0,144.286,1085.0,1.5625,0.0175,0.0329,32.87,0.151,1.579,3.57,4.806,3.35,2.46,1.11,12.08,28.4,s0,True
2029-07-02,2029Q3,127120.02,144.706,1090.01,1.5625,0.017,0.032,31.98,0.142,1.487,3.363,4.527,3.35,2.46,1.11,12.05,28.34,s0,True
2029-07-09,2029Q3,129912.61,144.951,1088.67,1.5625,0.017,0.0327,32.72,0.142,1.487,3.363,4.527,3.34,2.45,1.11,12.03,28.28,s0,True
2029-07-16,2029Q3,131035.66,144.555,1084.06,1.5625,0.017,0.0331,33.14,0.142,1.487,3.363,4.527,3.34,2.45,1.1,12.0,28.22,s0,True
2029-07-23,2029Q3,128883.07,145.001,1095.37,1.5625,0.017,0.0323,32.26,0.142,1.487,3.363,4.527,3.33,2.45,1.1,11.97,28.15,s0,True
2029-07-30,2029Q3,131372.87,146.064,1100.04,1.5625,0.017,0.0327,32.74,0.142,1.487,3.363,4.527,3.33,2.44,1.1,11.95,28.09,s0,True
2029-08-06,2029Q3,132771.96,146.353,1099.72,1.5625,0.017,0.0331,33.1,0.142,1.487,3.363,4.527,3.32,2.44,1.1,11.92,28.03,s0,True
2029-08-13,2029Q3,128978.49,146.338,1099.81,1.5625,0.017,0.0322,32.15,0.142,1.487,3.363,4.527,3.32,2.44,1.09,11.89,27.97,s0,True
2029-08-20,2029Q3,127922.58,146.883,1107.91,1.5625,0.017,0.0317,31.66,0.142,1.487,3.363,4.527,3.31,2.44,1.09,11.86,27.91,s0,True
2029-08-27,2029Q3,125292.83,147.794,1113.51,1.5625,0.017,0.0309,30.85,0.142,1.487,3.363,4.527,3.31,2.43,1.09,11.84,27.85,s0,True
2029-09-03,2029Q3,129973.09,148.076,1112.15,1.5625,0.017,0.032,32.04,0.142,1.487,3.363,4.527,3.3,2.43,1.09,11.81,27.78,s0,True
2029-09-10,2029Q3,131176.62,148.289,1116.7,1.5625,0.017,0.0322,32.21,0.142,1.487,3.363,4.527,3.3,2.43,1.08,11.78,27.72,s0,True
2029-09-17,2029Q3,132190.42,148.409,1113.96,1.5625,0.017,0.0325,32.54,0.142,1.487,3.363,4.527,3.29,2.42,1.08,11.76,27.66,s0,True
2029-09-24,2029Q3,128000.0,147.963,1110.0,1.5625,0.017,0.0316,31.62,0.142,1.487,3.363,4.527,3.29,2.42,1.08,11.73,27.6,s0,True
2029-10-01,2029Q4,126089.12,147.967,1114.01,1.5625,0.0165,0.031,31.02,0.135,1.408,3.183,4.285,3.29,2.42,1.08,11.7,27.54,s0,True
2029-10-08,2029Q4,132387.03,147.896,1108.94,1.5625,0.0165,0.0327,32.72,0.135,1.408,3.183,4.285,3.28,2.41,1.08,11.68,27.48,s0,True
2029-10-15,2029Q4,133728.62,147.83,1113.01,1.5625,0.0165,0.0329,32.93,0.135,1.408,3.183,4.285,3.28,2.41,1.08,11.65,27.42,s0,True
2029-10-22,2029Q4,138736.31,147.792,1108.37,1.5625,0.0165,0.0343,34.3,0.135,1.408,3.183,4.285,3.27,2.41,1.07,11.62,27.35,s0,True
2029-10-29,2029Q4,138082.95,147.961,1115.55,1.5625,0.0165,0.0339,33.92,0.135,1.408,3.183,4.285,3.27,2.4,1.07,11.6,27.29,s0,True
2029-11-05,2029Q4,132657.36,148.538,1117.04,1.5625,0.0165,0.0325,32.54,0.135,1.408,3.183,4.285,3.26,2.4,1.07,11.57,27.23,s0,True
2029-11-12,2029Q4,127282.75,148.434,1113.98,1.5625,0.0165,0.0313,31.31,0.135,1.408,3.183,4.285,3.26,2.4,1.07,11.54,27.17,s0,True
2029-11-19,2029Q4,130210.26,148.134,1112.54,1.5625,0.0165,0.0321,32.07,0.135,1.408,3.183,4.285,3.25,2.4,1.07,11.51,27.11,s0,True
2029-11-26,2029Q4,130056.15,148.485,1119.25,1.5625,0.0165,0.0318,31.84,0.135,1.408,3.183,4.285,3.25,2.39,1.07,11.49,27.05,s0,True
2029-12-03,2029Q4,128079.66,149.402,1126.32,1.5625,0.0165,0.0312,31.16,0.135,1.408,3.183,4.285,3.24,2.39,1.06,11.46,26.98,s0,True
2029-12-10,2029Q4,131724.75,150.159,1130.64,1.5625,0.0165,0.0319,31.93,0.135,1.408,3.183,4.285,3.24,2.39,1.06,11.43,26.92,s0,True
2029-12-17,2029Q4,127258.74,150.446,1130.63,1.5625,0.0165,0.0308,30.85,0.135,1.408,3.183,4.285,3.23,2.38,1.06,11.41,26.86,s0,True
2029-12-24,2029Q4,126000.0,150.403,1130.0,1.5625,0.0165,0.0306,30.56,0.135,1.408,3.183,4.285,3.23,2.38,1.06,11.38,26.8,s0,True
2029-12-31,2030Q1,128764.04,149.971,1124.14,1.5625,0.016,0.0314,31.37,0.126,1.318,2.981,4.012,3.23,2.38,1.06,11.35,26.74,s0,True
2030-01-07,2030Q1,125645.85,150.173,1133.04,1.5625,0.016,0.0304,30.37,0.126,1.318,2.981,4.012,3.22,2.37,1.06,11.32,26.68,s0,True
2030-01-14,2030Q1,125180.07,151.21,1139.72,1.5625,0.016,0.0301,30.08,0.126,1.318,2.981,4.012,3.22,2.37,1.06,11.3,26.62,s0,True
2030-01-21,2030Q1,125551.57,152.208,1148.04,1.5625,0.016,0.03,29.95,0.126,1.318,2.981,4.012,3.21,2.37,1.05,11.27,26.55,s0,True
2030-01-28,2030Q1,122496.79,152.657,1146.47,1.5625,0.016,0.0293,29.27,0.126,1.318,2.981,4.012,3.21,2.36,1.05,11.24,26.49,s0,True
2030-02-04,2030Q1,118590.82,152.261,1142.09,1.5625,0.016,0.0284,28.44,0.126,1.318,2.981,4.012,3.2,2.36,1.05,11.21,26.43,s0,True
2030-02-11,2030Q1,112828.95,151.382,1133.25,1.5625,0.016,0.0273,27.27,0.126,1.318,2.981,4.012,3.2,2.36,1.05,11.19,26.37,s0,True
2030-02-18,2030Q1,112013.99,151.24,1139.96,1.5625,0.016,0.0269,26.91,0.126,1.318,2.981,4.012,3.19,2.36,1.05,11.16,26.31,s0,True
2030-02-25,2030Q1,113157.48,152.238,1148.25,1.5625,0.016,0.027,26.99,0.126,1.318,2.981,4.012,3.19,2.35,1.05,11.13,26.25,s0,True
2030-03-04,2030Q1,112324.5,152.443,1143.04,1.5625,0.016,0.0269,26.92,0.126,1.318,2.981,4.012,3.18,2.35,1.04,11.1,26.18,s0,True
2030-03-11,2030Q1,116461.48,152.207,1144.7,1.5625,0.016,0.0279,27.87,0.126,1.318,2.981,4.012,3.18,2.35,1.04,11.08,26.12,s0,True
2030-03-18,2030Q1,120260.42,152.657,1149.8,1.5625,0.016,0.0286,28.65,0.126,1.318,2.981,4.012,3.17,2.34,1.04,11.05,26.06,s0,True
2030-03-25,2030Q1,122000.0,153.009,1150.0,1.5625,0.016,0.0291,29.06,0.126,1.318,2.981,4.012,3.17,2.34,1.04,11.02,26.0,s0,True
2030-04-01,2030Q2,121917.9,152.99,1149.52,1.5625,0.016,0.0291,29.05,0.118,1.235,2.792,3.759,3.17,2.34,1.04,10.99,25.94,s0,True
2030-04-08,2030Q2,118735.16,152.98,1149.84,1.5625,0.016,0.0283,28.28,0.118,1.235,2.792,3.759,3.17,2.34,1.04,10.97,25.88,s0,True
2030-04-15,2030Q2,121671.03,153.31,1154.48,1.5625,0.016,0.0289,28.87,0.118,1.235,2.792,3.759,3.16,2.34,1.04,10.94,25.82,s0,True
2030-04-22,2030Q2,119735.55,153.365,1150.66,1.5625,0.016,0.0285,28.5,0.118,1.235,2.792,3.759,3.16,2.33,1.04,10.92,25.75,s0,True
2030-04-29,2030Q2,119971.79,153.152,1151.29,1.5625,0.016,0.0285,28.54,0.118,1.235,2.792,3.759,3.16,2.33,1.04,10.89,25.69,s0,True
2030-05-06,2030Q2,125600.85,153.212,1151.55,1.5625,0.016,0.0299,29.87,0.118,1.235,2.792,3.759,3.16,2.33,1.04,10.86,25.63,s0,True
2030-05-13,2030Q2,130939.63,153.316,1152.86,1.5625,0.016,0.0311,31.11,0.118,1.235,2.792,3.759,3.15,2.33,1.03,10.84,25.57,s0,True
2030-05-20,2030Q2,130238.88,154.523,1169.7,1.5625,0.016,0.0305,30.5,0.118,1.235,2.792,3.759,3.15,2.33,1.03,10.81,25.51,s0,True
2030-05-27,2030Q2,127172.66,155.748,1171.26,1.5625,0.016,0.0297,29.74,0.118,1.235,2.792,3.759,3.15,2.33,1.03,10.78,25.45,s0,True
2030-06-03,2030Q2,124686.36,156.039,1174.08,1.5625,0.016,0.0291,29.09,0.118,1.235,2.792,3.759,3.15,2.32,1.03,10.76,25.38,s0,True
2030-06-10,2030Q2,123904.07,155.559,1164.05,1.5625,0.016,0.0292,29.15,0.118,1.235,2.792,3.759,3.14,2.32,1.03,10.73,25.32,s0,True
2030-06-17,2030Q2,117481.29,154.516,1158.4,1.5625,0.016,0.0278,27.78,0.118,1.235,2.792,3.759,3.14,2.32,1.03,10.71,25.26,s0,True
2030-06-24,2030Q2,118000.0,154.58,1165.0,1.5625,0.016,0.0277,27.74,0.118,1.235,2.792,3.759,3.14,2.32,1.03,10.68,25.2,s0,True
2030-07-01,2030Q3,119752.98,154.927,1163.62,1.5625,0.016,0.0282,28.19,0.112,1.166,2.636,3.548,3.14,2.32,1.03,10.67,25.17,s0,True
2030-07-08,2030Q3,121262.91,155.328,1171.03,1.5625,0.016,0.0284,28.36,0.112,1.166,2.636,3.548,3.14,2.32,1.03,10.65,25.14,s0,True
2030-07-15,2030Q3,125974.93,156.227,1177.13,1.5625,0.016,0.0293,29.31,0.112,1.166,2.636,3.548,3.13,2.32,1.03,10.64,25.11,s0,True
2030-07-22,2030Q3,119885.4,156.308,1172.25,1.5625,0.016,0.028,28.01,0.112,1.166,2.636,3.548,3.13,2.31,1.03,10.62,25.08,s0,True
2030-07-29,2030Q3,113943.92,156.637,1182.08,1.5625,0.016,0.0264,26.4,0.112,1.166,2.636,3.548,3.13,2.31,1.03,10.61,25.05,s0,True
2030-08-05,2030Q3,108564.29,156.779,1174.38,1.5625,0.016,0.0253,25.32,0.112,1.166,2.636,3.548,3.13,2.31,1.03,10.6,25.02,s0,True
2030-08-12,2030Q3,108730.66,157.096,1186.84,1.5625,0.016,0.0251,25.09,0.112,1.166,2.636,3.548,3.12,2.31,1.02,10.58,24.98,s0,True
2030-08-19,2030Q3,107581.87,157.614,1182.17,1.5625,0.016,0.0249,24.93,0.112,1.166,2.636,3.548,3.12,2.31,1.02,10.57,24.95,s0,True
2030-08-26,2030Q3,108487.54,157.391,1183.48,1.5625,0.016,0.0251,25.11,0.112,1.166,2.636,3.548,3.12,2.31,1.02,10.56,24.92,s0,True
2030-09-02,2030Q3,112409.47,157.154,1178.62,1.5625,0.016,0.0261,26.12,0.112,1.166,2.636,3.548,3.12,2.3,1.02,10.54,24.89,s0,True
2030-09-09,2030Q3,115155.79,156.734,1177.17,1.5625,0.016,0.0268,26.79,0.112,1.166,2.636,3.548,3.11,2.3,1.02,10.53,24.86,s0,True
2030-09-16,2030Q3,115633.92,156.171,1170.16,1.5625,0.016,0.0271,27.07,0.112,1.166,2.636,3.548,3.11,2.3,1.02,10.51,24.83,s0,True
2030-09-23,2030Q3,115000.0,156.36,1180.0,1.5625,0.016,0.0267,26.69,0.112,1.166,2.636,3.548,3.11,2.3,1.02,10.5,24.8,s0,True
2030-09-30,2030Q4,114332.06,157.02,1180.09,1.5625,0.016,0.0265,26.54,0.105,1.102,2.492,3.354,3.11,2.3,1.02,10.49,24.74,s0,True
2030-10-07,2030Q4,112174.13,157.355,1185.03,1.5625,0.016,0.0259,25.93,0.105,1.102,2.492,3.354,3.11,2.3,1.02,10.47,24.68,s0,True
2030-10-14,2030Q4,105616.66,157.413,1180.96,1.5625,0.016,0.0245,24.5,0.105,1.102,2.492,3.354,3.11,2.3,1.02,10.46,24.62,s0,True
2030-10-21,2030Q4,106655.15,157.278,1183.01,1.5625,0.016,0.0247,24.69,0.105,1.102,2.492,3.354,3.11,2.3,1.02,10.44,24.55,s0,True
2030-10-28,2030Q4,108508.11,157.963,1191.25,1.5625,0.016,0.0249,24.95,0.105,1.102,2.492,3.354,3.11,2.3,1.02,10.43,24.49,s0,True
2030-11-04,2030Q4,106318.87,158.816,1195.84,1.5625,0.016,0.0244,24.35,0.105,1.102,2.492,3.354,3.11,2.3,1.02,10.42,24.43,s0,True
2030-11-11,2030Q4,105720.4,158.483,1186.23,1.5625,0.016,0.0244,24.41,0.105,1.102,2.492,3.354,3.11,2.3,1.02,10.4,24.37,s0,True
2030-11-18,2030Q4,117066.62,157.862,1186.51,1.5625,0.016,0.027,27.02,0.105,1.102,2.492,3.354,3.11,2.3,1.02,10.39,24.31,s0,True
2030-11-25,2030Q4,115492.19,157.801,1185.32,1.5625,0.016,0.0267,26.69,0.105,1.102,2.492,3.354,3.11,2.3,1.02,10.38,24.25,s0,True
2030-12-02,2030Q4,113020.3,157.919,1188.28,1.5625,0.016,0.0261,26.05,0.105,1.102,2.492,3.354,3.11,2.3,1.02,10.36,24.18,s0,True
2030-12-09,2030Q4,110751.7,157.886,1184.83,1.5625,0.016,0.0256,25.6,0.105,1.102,2.492,3.354,3.11,2.3,1.02,10.35,24.12,s0,True
2030-12-16,2030Q4,103562.88,157.684,1185.23,1.5625,0.016,0.0239,23.93,0.105,1.102,2.492,3.354,3.11,2.3,1.02,10.33,24.06,s0,True
2030-12-23,2030Q4,112000.0,158.028,1190.0,1.5625,0.016,0.0258,25.78,0.105,1.102,2.492,3.354,3.11,2.3,1.02,10.32,24.0,s0,True
