year,res_solar_usd_w,small_wind_usd_kw,home_battery_usd_kwh,bess_usd_kwh_us,utility_solar_usd_kw,utility_wind_usd_kw,iron_air_usd_kwh,texas_summer
2009,8.0,10000,,,,,,
2010,8.0,10000,,,,,,
2011,8.0,10000,,,,,,
2012,8.0,10000,,,,,,
2013,6.0,10000,,,,,,
2014,4.3,10000,,,,,,
2015,4.0,10000,1200,,,,,
2016,4.0,10000,1200,600,,1600,,
2017,3.8,7500,1200,550,,1614,,
2018,3.8,7500,900,500,,1629,,
2019,3.8,7500,900,450,1900,1643,,
2020,3.8,7500,900,400,1840,1657,,normal
2021,3.8,7500,900,375,1780,1671,,mild
2022,3.8,7500,900,350,1720,1686,,normal
2023,3.8,7500,900,325,1660,1700,,hot
2024,3.5,7500,900,300,1600,1682,,normal
2025,3.5,7500,900,219,1550,1665,,mild
2026,3.5,7500,900,205,1500,1647,,normal
2027,3.5,7500,900,191,1450,1629,,hot
2028,3.5,7500,900,178,1400,1612,,normal
2029,3.5,7500,900,164,1350,1594,,mild
2030,3.5,7500,900,150,1300,1576,,normal
2031,3.43,7500,900,142,1270,1559,70,hot
2032,3.36,7500,900,134,1240,1541,64,normal
2033,3.29,7500,900,126,1210,1524,59,mild
2034,3.22,7500,900,118,1180,1506,53,hot
2035,3.15,7500,900,110,1150,1488,47,normal
2036,3.08,7500,900,103,1120,1471,41,normal
2037,3.01,7500,900,96,1090,1453,36,normal
2038,2.94,7500,900,89,1060,1435,30,normal
2039,2.87,7500,900,82,1030,1418,30,normal
2040,2.8,7500,900,75,1000,1400,30,normal
