quarter,future,btc_usd_close,btc_difficulty_T,btc_hashrate_EHs,btc_block_subsidy,btc_hashprice_usd_ph_day,gpu_h100_hyperscaler_usd_hr,gpu_h100_neocloud_usd_hr,gpu_h100_spot_usd_hr,gpu_h100_1yr_contract_usd_hr,gpu_a100_hyperscaler_usd_hr,gpu_h200_hyperscaler_usd_hr,gpu_h200_neocloud_usd_hr,gpu_b200_hyperscaler_usd_hr,gpu_b200_neocloud_usd_hr,gpu_gb200nvl72_blended_usd_hr,h100_unit_purchase_usd,h100_hgx8_system_usd,h200_unit_purchase_usd,b200_unit_purchase_usd,gb200_nvl72_rack_usd,capex_hosting_usd_mw,capex_retrofit_shell_usd_mw,capex_greenfield_shell_usd_mw,capex_fullstack_incremental_usd_mw,sofr_pct,hy_spread_bps,ddtl_spread_bps,cap_rate_hyperscale_pct,mining_ev_ebitda_mult,ai_infra_ev_ebitda_mult,ev_per_mw_mining_usd_m,ev_per_mw_ai_announced_usd_m,ev_per_mw_ai_stabilized_usd_m,power_usd_kwh_ercot,power_usd_kwh_pjm,power_usd_kwh_ohio,power_usd_kwh_georgia,power_usd_kwh_arizona,power_usd_kwh_nordics,pjm_capacity_price_usd_mwday,hyperscaler_capex_usd_bn_q,ai_demand_index_0_100,gpu_rubin_hyperscaler_usd_hr,gpu_rubin_neocloud_usd_hr,gpu_rubin_ultra_hyperscaler_usd_hr,gpu_rubin_ultra_neocloud_usd_hr,rubin_unit_purchase_usd,rubin_nvl144_rack_usd,rubin_ultra_nvl576_rack_usd,newest_gen_lead_time_weeks,capex_retrofit_density_mid_to_top_usd_mw,nuclear_ppa_usd_mwh,renewal_shell_index_low,renewal_shell_index_high,renewal_h100_gpu_index_vs_2025q4,renewal_b200_gpu_index_vs_2025q4,rfp_new_lease_index_low,rfp_new_lease_index_high,renewal_offer_term_years_shell,renewal_offer_term_years_gpu,tenant_default_prob_q_ai_lab,tenant_default_prob_q_neocloud_sub,tenant_default_prob_q_hyperscaler,tenant_walk_prob_at_renewal_nonhyperscaler,tenant_walk_prob_at_renewal_hyperscaler,launch_usd_kg_leo,launch_slots_t_q,sat_build_usd_kg,insurance_capacity_usd_m,insurance_rate_young_pct,insurance_rate_mature_pct,insurance_rate_inorbit_pct,congestion_sso,congestion_high_leo,congestion_high_orbit,orbital_shell_rent_usd_mw_yr,orbital_gpu_usd_hr,sovereign_premium_pct,grid_wait_q,gas_wait_q,space_ev_ebitda_mult,lunar_delivery_usd_kg,lunar_llo_usd_kg,landing_success_pct,lunar_offtake_surface_usd_kg,lunar_offtake_llo_usd_kg,lunar_value_usd_t,gen33_t_mw,gen35_t_mw,sso_closed,estimate
2031Q1,f4,113730,142,1016,1.5625,25.6904,3.1975,2.3575,1.4475,1.505,,5.3375,2.9475,5.355,3.6875,9.9375,23850,209825,27250,27600,1687500,3629750,12099000,22383250,27365000,3.5625,353.8,427.5,5.675,5.475,17.3,0.7275,8.925,24.8,0.06335,0.1005,0.07583,0.06913,0.06335,0.04843,400,431.3,90.25,13.955,9.17,33.7,21.905,52400,3780000,17477500,14,7864250,109.3,0.7525,0.87,0.77,0.82,0.7475,0.9175,6.625,1.75,0.01175,0.00875,0.00058,0.0825,0.0275,600,400,800,350,7.5,3,2,55,20,5,8500000,4.2,20,20,8,22,40000,8000,55,8000,2500,2000,,,0,True
2031Q2,f4,116005,145.5,1042,1.5625,25.5651,3.2089,2.3657,1.4395,1.5088,,5.3507,2.9544,5.3163,3.6611,9.8669,23763,209033,27145,27507,1681307,3681613,12271945,22703310,27366688,3.5625,353.8,427.5,5.675,5.475,17.3,0.70568,8.9822,24.9652,0.06402,0.10175,0.07669,0.06986,0.06402,0.04869,400.6,439.9,90.25,13.7036,9.0046,33.1483,21.5464,51906,3744595,17383770,14,7976655,109.7,0.7525,0.87,0.77,0.82,0.7475,0.9175,6.625,1.75,0.01175,0.00875,0.00058,0.0825,0.0275,600,400,800,350,7.5,3,2,55,20,5,8500000,4.2,20,20,8,22,40000,8000,56.0526,8000,2500,2000,,,0,True
2031Q3,f4,118325,149.2,1068,1.5625,25.4404,3.2202,2.3739,1.4315,1.5126,,5.3639,2.9613,5.2779,3.6349,9.7968,23677,208243,27040,27414,1675137,3734218,12447363,23027946,27368376,3.5625,353.8,427.5,5.675,5.475,17.3,0.6845,9.0397,25.1315,0.06469,0.10302,0.07757,0.0706,0.06469,0.04896,401.3,448.7,90.25,13.4568,8.8422,32.6057,21.1937,51416,3709521,17290543,14,8090666,110.1,0.7525,0.87,0.77,0.82,0.7475,0.9175,6.625,1.75,0.01175,0.00875,0.00058,0.0825,0.0275,600,400,800,350,7.5,3,2,55,20,5,8500000,4.2,20,20,8,22,40000,8000,57.1053,8000,2500,2000,,,0,True
2031Q4,f4,120691,152.9,1095,1.5625,25.3163,3.2317,2.3822,1.4236,1.5163,,5.3772,2.9683,5.2398,3.6089,9.7272,23591,207457,26936,27322,1668990,3787574,12625288,23357224,27370064,3.5625,353.8,427.5,5.675,5.475,17.3,0.66397,9.0976,25.299,0.06537,0.1043,0.07846,0.07134,0.06537,0.04923,401.9,457.6,90.25,13.2144,8.6827,32.072,20.8468,50931,3674776,17197816,14,8206306,110.6,0.7525,0.87,0.77,0.82,0.7475,0.9175,6.625,1.75,0.01175,0.00875,0.00058,0.0825,0.0275,600,400,800,350,7.5,3,2,55,20,5,8500000,4.2,20,20,8,22,40000,8000,58.1579,8000,2500,2000,,,0,True
2032Q1,f4,123105,156.7,1122,1.5625,25.1928,3.2594,2.4024,1.4228,1.5278,,5.4175,2.9901,5.228,3.601,9.7064,23432,206027,26748,27145,1657669,3841693,12805756,23691211,27371752,3.5625,353.8,427.5,5.675,5.475,17.3,0.64405,9.2016,25.5948,0.06606,0.1056,0.07936,0.0721,0.06606,0.0495,405.9,469.7,90.375,13.0412,8.5688,31.7047,20.608,50293,3628981,17052131,14,8323600,111,0.75626,0.87435,0.77385,0.8241,0.75124,0.92209,6.6581,1.7587,0.01175,0.00875,0.00058,0.0825,0.0275,580,450,787.5,365.6,7.4688,2.9875,1.9938,55.9375,20.9375,5.3125,8466667,4.1667,19.6875,20,8,21.8333,39063,7813,59.2105,7781,2438,1988,,,0,True
2032Q2,f4,125567,160.6,1150,0.78125,12.5349,3.2872,2.4228,1.422,1.5392,,5.4579,3.0121,5.2161,3.593,9.6854,23273,204606,26561,26969,1646408,3896584,12988804,24029973,27373440,3.5625,353.8,427.5,5.675,5.475,17.3,0.62473,9.3066,25.8935,0.06676,0.10691,0.08027,0.07286,0.06676,0.04977,409.9,482.1,90.5,12.87,8.4561,31.3408,20.3715,49662,3583720,16907514,14,8442570,111.5,0.76003,0.8787,0.7777,0.8282,0.75498,0.92668,6.6913,1.7675,0.01175,0.00875,0.00058,0.0825,0.0275,560,500,775,381.3,7.4375,2.975,1.9875,56.875,21.875,5.625,8433333,4.1333,19.375,20,8,21.6667,38125,7625,60.2632,7563,2375,1975,,,0,True
2032Q3,f4,128078,164.7,1179,0.78125,12.4738,3.3152,2.4432,1.4211,1.5507,,5.4985,3.0341,5.2041,3.5849,9.6642,23116,203192,26375,26793,1635207,3952261,13174469,24373579,27375128,3.5625,353.8,427.5,5.675,5.475,17.3,0.60599,9.4126,26.1951,0.06746,0.10824,0.08118,0.07363,0.06746,0.05004,413.9,494.8,90.625,12.7007,8.3447,30.9804,20.1373,49039,3538990,16763958,14,8563240,111.9,0.76379,0.88305,0.78155,0.8323,0.75871,0.93126,6.7244,1.7763,0.01175,0.00875,0.00058,0.0825,0.0275,540,550,762.5,396.9,7.4063,2.9625,1.9813,57.8125,22.8125,5.9375,8400000,4.1,19.0625,20,8,21.5,37188,7438,61.3158,7344,2313,1963,,,0,True
2032Q4,f4,130640,168.8,1208,0.78125,12.4129,3.3434,2.4638,1.4202,1.5622,,5.5392,3.0562,5.1919,3.5768,9.6428,22959,201786,26190,26619,1624067,4008732,13362787,24722099,27376817,3.5625,353.8,427.5,5.675,5.475,17.3,0.58781,9.5195,26.4995,0.06817,0.10959,0.08211,0.07441,0.06817,0.05032,417.9,507.8,90.75,12.5334,8.2345,30.6234,19.9052,48423,3494782,16621456,14,8685636,112.4,0.76755,0.8874,0.7854,0.8364,0.76245,0.93585,6.7575,1.785,0.01175,0.00875,0.00058,0.0825,0.0275,520,600,750,412.5,7.375,2.95,1.975,58.75,23.75,6.25,8366667,4.0667,18.75,20,8,21.3333,36250,7250,62.3684,7125,2250,1950,,,0,True
2033Q1,f4,133253,173,1238,0.78125,12.3524,3.3717,2.4845,1.4192,1.5738,,5.5802,3.0784,5.1797,3.5686,9.6212,22803,200388,26007,26445,1612987,4066011,13553797,25075602,27378505,3.5625,353.8,427.5,5.675,5.475,17.3,0.57017,9.6274,26.8068,0.06889,0.11095,0.08305,0.0752,0.06889,0.0506,421.9,521.1,90.875,12.3679,8.1256,30.2697,19.6753,47814,3451093,16479999,14,8809780,112.8,0.77131,0.89175,0.78925,0.8405,0.76619,0.94044,6.7906,1.7937,0.01175,0.00875,0.00058,0.0825,0.0275,500,650,737.5,428.1,7.3438,2.9375,1.9688,59.6875,24.6875,6.5625,8333333,4.0333,18.4375,20,8,21.1667,35313,7063,63.4211,6906,2188,1938,14,,0,True
2033Q2,f4,135918,177.3,1269,0.78125,12.2921,3.4001,2.5053,1.4183,1.5855,,5.6213,3.1006,5.1674,3.5603,9.5994,22648,198997,25824,26273,1601965,4124108,13747538,25434160,27380194,3.5625,353.8,427.5,5.675,5.475,17.3,0.55307,9.7363,27.117,0.06961,0.11233,0.084,0.07599,0.06961,0.05087,426,534.7,91,12.2044,8.018,29.9195,19.4477,47213,3407915,16339582,14,8935699,113.3,0.77508,0.8961,0.7931,0.8446,0.76993,0.94503,6.8238,1.8025,0.01175,0.00875,0.00058,0.0825,0.0275,480,700,725,443.8,7.3125,2.925,1.9625,60.625,25.625,6.875,8300000,4,18.125,20,8,21,34375,6875,64.4737,6688,2125,1925,14,,0,True
2033Q3,f4,138636,181.8,1301,0.78125,12.2322,3.336,2.4578,1.3789,1.554,,5.5093,3.0385,5.0155,3.4559,9.3184,22494,197614,25642,26101,1591004,4183035,13944048,25797845,27381882,3.5625,353.8,427.5,5.675,5.475,17.0405,0.53648,9.5799,26.6881,0.06908,0.11168,0.08344,0.07542,0.06908,0.05023,408.4,548.7,91.125,11.7169,7.6976,28.7725,18.7021,46618,3365244,16200197,14,9063418,112.6,0.75777,0.87609,0.77539,0.82574,0.75273,0.92392,6.6714,1.7623,0.01175,0.00875,0.00058,0.0825,0.0275,467,750,712.5,459.4,7.2813,2.9125,1.9563,61.5625,26.5625,7.1875,8070000,3.88,17.8125,16.6667,7.8,19.9,33438,6688,65.5263,6469,2063,1913,14,,0,True
2033Q4,f4,141409,186.3,1334,0.78125,12.1725,3.2714,2.41,1.34,1.5223,,5.3968,2.9761,4.8656,3.3528,9.0409,22341,196239,25462,25930,1580100,4242804,14143367,26166730,27383571,3.5625,353.8,427.5,5.675,5.475,16.781,0.52038,9.421,26.2523,0.06853,0.111,0.08285,0.07482,0.06853,0.04958,390.7,563,91.25,11.243,7.3861,27.6551,17.9758,46031,3323072,16061837,14,9192963,111.9,0.74046,0.85608,0.75768,0.80688,0.73554,0.90282,6.519,1.722,0.01175,0.00875,0.00058,0.0825,0.0275,454,800,700,475,7.25,2.9,1.95,62.5,27.5,7.5,7840000,3.76,17.5,13.3333,7.6,18.8,32500,6500,66.5789,6250,2000,1900,14,,0,True
2034Q1,f4,144237,191,1367,0.78125,12.1131,3.2063,2.3619,1.3014,1.4904,,5.2837,2.9133,4.7175,3.251,8.7668,22188,194871,25282,25759,1569256,4303427,14345535,26540890,27385260,3.5625,353.8,427.5,5.675,5.475,16.5215,0.50477,9.2597,25.8094,0.06796,0.11028,0.08223,0.0742,0.06796,0.04892,372.9,577.7,91.375,10.7825,7.0834,26.5666,17.2683,45451,3281396,15924495,14,9324359,111.2,0.72315,0.83607,0.73997,0.78802,0.71835,0.88172,6.3666,1.6818,0.01175,0.00875,0.00058,0.0825,0.0275,441,850,687.5,490.6,7.2188,2.8875,1.9438,63.4375,28.4375,7.8125,7610000,3.64,17.1875,10,7.4,17.7,31563,6313,67.6316,6031,1938,1888,14,,0,True
2034Q2,f4,147122,195.7,1401,0.78125,12.054,3.1406,2.3134,1.2632,1.4584,,5.17,2.8503,4.5714,3.1505,8.4962,22036,193511,25104,25590,1558470,4364916,14550592,26920400,27386949,3.5625,353.8,427.5,5.675,5.475,16.262,0.48963,9.096,25.3596,0.06737,0.10953,0.08159,0.07355,0.06737,0.04826,355.2,592.7,91.5,10.3348,6.7891,25.5063,16.5791,44877,3240209,15788165,14,9457633,110.5,0.70585,0.81606,0.72226,0.76916,0.70116,0.86062,6.2143,1.6415,0.01175,0.00875,0.00058,0.0825,0.0275,428,900,675,506.3,7.1875,2.875,1.9375,64.375,29.375,8.125,7380000,3.52,16.875,9.7143,7.2,16.6,30625,6125,68.6842,5813,1875,1875,14,,0,True
2034Q3,f4,150064,200.6,1436,0.78125,11.9952,3.0745,2.2645,1.2254,1.4262,,5.0557,2.7869,4.4271,3.0512,8.229,21885,192158,24926,25422,1547742,4427284,14758581,27305337,27388638,3.5625,353.8,427.5,5.675,5.475,16.0025,0.47494,8.9298,24.9025,0.06676,0.10874,0.08092,0.07289,0.06676,0.04758,337.3,608.1,91.625,9.8998,6.5032,24.4735,15.9078,44310,3199505,15652838,14,9592811,109.8,0.68854,0.79605,0.70455,0.7503,0.68396,0.83951,6.0619,1.6013,0.01175,0.00875,0.00058,0.0825,0.0275,415,950,662.5,521.9,7.1563,2.8625,1.9313,65.3125,30.3125,8.4375,7150000,3.4,16.5625,9.4286,7,15.5,29688,5938,69.7368,5594,1813,1863,14,,0,True
2034Q4,f4,153066,205.6,1472,0.78125,11.9367,3.0079,2.2153,1.188,1.3938,,4.9408,2.7232,4.2846,2.9532,7.9651,21735,190813,24749,25254,1537071,4490543,14969543,27695778,27390327,3.5625,353.8,427.5,5.675,5.475,15.743,0.46069,8.7611,24.4383,0.06612,0.10792,0.08023,0.07221,0.06612,0.0469,319.4,623.9,91.75,9.4771,6.2254,23.4678,15.2541,43750,3159280,15518509,14,9729922,109.1,0.67123,0.77604,0.68684,0.73144,0.66677,0.81841,5.9095,1.561,0.01175,0.00875,0.00058,0.0825,0.0275,402,1000,650,537.5,7.125,2.85,1.925,66.25,31.25,8.75,6920000,3.28,16.25,9.1429,6.8,14.4,28750,5750,70.7895,5375,1750,1850,14,,0,True
2035Q1,f4,156127,210.8,1509,0.78125,11.8785,2.9407,2.1656,1.151,1.3613,,4.8254,2.6592,4.144,2.8565,7.7046,21586,189475,24574,25087,1526458,4554706,15183521,28091802,27392017,3.5625,353.8,427.5,5.675,5.475,15.4835,0.44687,8.5898,23.9668,0.06547,0.10705,0.07951,0.0715,0.06547,0.0462,301.5,640.1,91.875,9.0664,5.9555,22.4884,14.6175,43197,3119527,15385171,14,9868993,108.4,0.65392,0.75603,0.66913,0.71258,0.64958,0.79731,5.7571,1.5208,0.01175,0.00875,0.00058,0.0825,0.0275,389,1050,637.5,553.1,7.0938,2.8375,1.9188,67.1875,32.1875,9.0625,6690000,3.16,15.9375,8.8571,6.6,13.3,27813,5563,71.8421,5156,1688,1838,14,11,0,True
2035Q2,f4,159249,216.1,1547,0.78125,11.8206,2.873,2.1157,1.1143,1.3286,,4.7093,2.5949,4.0052,2.761,7.4474,21437,188145,24399,24921,1515903,4619786,15400557,28493488,27393706,3.5625,353.8,427.5,5.675,5.475,15.224,0.43346,8.416,23.4879,0.0648,0.10615,0.07876,0.07077,0.0648,0.0455,283.5,656.7,92,8.6675,5.6933,21.5348,13.9976,42650,3080242,15252816,14,10010052,107.7,0.63662,0.73602,0.65142,0.69372,0.63239,0.77621,5.6048,1.4805,0.01175,0.00875,0.00058,0.0825,0.0275,376,1100,625,568.8,7.0625,2.825,1.9125,68.125,33.125,9.375,6460000,3.04,15.625,8.5714,6.4,12.2,26875,5375,72.8947,4938,1625,1825,14,11,0,True
2035Q3,f4,162434,221.5,1585,0.78125,11.7629,2.8049,2.0653,1.078,1.2957,,4.5926,2.5303,3.8682,2.6667,7.1935,21290,186822,24225,24756,1505404,4685795,15620696,28900919,27395396,3.5625,353.8,427.5,5.675,5.475,14.9645,0.42046,8.2396,23.0015,0.06411,0.10521,0.07799,0.07001,0.06411,0.04479,265.4,673.7,92.125,8.2799,5.4386,20.6064,13.3942,42109,3041419,15121438,14,10153126,106.9,0.61931,0.71601,0.63371,0.67486,0.61519,0.7551,5.4524,1.4403,0.01175,0.00875,0.00058,0.0825,0.0275,363,1150,612.5,584.4,7.0313,2.8125,1.9063,69.0625,34.0625,9.6875,6230000,2.92,15.3125,8.2857,6.2,11.1,25938,5188,73.9474,4719,1563,1813,14,11,0,True
2035Q4,f4,165683,227,1625,0.78125,11.7055,2.7361,2.0146,1.0421,1.2627,,4.4753,2.4654,3.7329,2.5736,6.9428,21143,185506,24053,24592,1494962,4752748,15843981,29314175,27397085,3.5625,353.8,427.5,5.675,5.475,14.705,0.40785,8.0607,22.5077,0.06339,0.10424,0.07719,0.06923,0.06339,0.04407,247.3,691.1,92.25,7.9035,5.1913,19.7027,12.8067,41575,3003053,14991031,14,10298246,106.2,0.602,0.696,0.616,0.656,0.598,0.734,5.3,1.4,0.01175,0.00875,0.00058,0.0825,0.0275,350,1200,600,600,7,2.8,1.9,70,35,10,6000000,2.8,15,8,6,10,25000,5000,75,4500,1500,1800,14,11,0,True
