quarter,btc_usd_close,eth_usd_close,btc_difficulty_T,btc_hashrate_EHs,btc_block_subsidy,btc_hashprice_usd_ph_day,gpu_h100_hyperscaler_usd_hr,gpu_h100_neocloud_usd_hr,gpu_h100_spot_usd_hr,gpu_h100_1yr_contract_usd_hr,gpu_a100_hyperscaler_usd_hr,gpu_h200_hyperscaler_usd_hr,gpu_h200_neocloud_usd_hr,gpu_b200_hyperscaler_usd_hr,gpu_b200_neocloud_usd_hr,gpu_gb200nvl72_blended_usd_hr,h100_unit_purchase_usd,h100_hgx8_system_usd,h200_unit_purchase_usd,b200_unit_purchase_usd,gb200_nvl72_rack_usd,capex_hosting_usd_mw,capex_retrofit_shell_usd_mw,capex_greenfield_shell_usd_mw,capex_fullstack_incremental_usd_mw,sofr_pct,hy_spread_bps,ddtl_spread_bps,cap_rate_hyperscale_pct,ev_per_mw_mining_usd_m,ev_per_mw_ai_announced_usd_m,ev_per_mw_ai_stabilized_usd_m,power_usd_kwh_ercot,power_usd_kwh_pjm,power_usd_kwh_ohio,power_usd_kwh_georgia,power_usd_kwh_arizona,power_usd_kwh_nordics,pjm_capacity_price_usd_mwday,hyperscaler_capex_usd_bn_q,ai_demand_index_0_100,estimate
2022Q4,16547,1196.77,35.4,253.4,6.25,59.97,,,,,4.5,,,,,,,,,,,1500000,6000000,10000000,18000000,4.3,540,,7.25,0.4,,,0.033,0.045,0.042,0.04,0.036,0.03,100.0,32,8,True
2023Q1,28478,1822.02,43.6,312.1,6.25,83.69,,,,,4.0,,,,,,,,,,,1575000.0,6250000.0,10250000.0,18500000.0,4.65,470,,7.19,0.45,,,0.0335,0.0462,0.0428,0.0408,0.0365,0.0305,83.53,35.2,11,True
2023Q2,30477,1933.19,53.9,385.83,6.25,72.48,,,,,3.2,,,,,,,,,,,1650000.0,6500000.0,10500000.0,19000000.0,5.08,430,,7.12,0.5,,,0.034,0.0475,0.0435,0.0415,0.037,0.031,67.06,38.5,14,True
2023Q3,26967,1671.16,61.0,436.66,6.25,56.81,9.5,6.5,5.0,8.0,2.6,,,,,,32000,281600.0,,,,1725000.0,6750000.0,10750000.0,19500000.0,5.3,400,900,7.06,0.55,,,0.0345,0.0488,0.0442,0.0422,0.0375,0.0315,50.6,41.8,17,True
2023Q4,42265,2281.47,72.0,515.4,6.25,81.98,7.5,5.0,3.5,6.0,2.1,,,,,,31000,272800.0,,,,1800000,7000000,11000000,20000000,5.33,380,800,7.0,0.6,3,,0.035,0.05,0.045,0.043,0.038,0.032,34.13,45,20,True
2024Q1,71333,3647.86,83.1,594.85,6.25,112.9,7.0,4.5,3.0,5.0,1.9,,,,,,30000,264000.0,,,,1900000.0,7250000.0,11375000.0,21000000.0,5.33,330,700,6.81,0.7,3.75,,0.0363,0.0525,0.0462,0.0442,0.039,0.0328,32.83,51.2,26,True
2024Q2,62678,3432.89,84.4,604.16,3.125,48.08,6.5,4.0,2.5,4.2,1.8,,,,,,29000,255200.0,,,,2000000.0,7500000.0,11750000.0,22000000.0,5.33,320,650,6.62,0.8,4.5,,0.0375,0.055,0.0475,0.0455,0.04,0.0335,31.53,57.5,32,True
2024Q3,63300,2603.06,92.7,663.57,3.125,43.71,6.0,3.5,2.2,3.5,1.7,7.2,4.2,,,,28000,246400.0,32000,,,2100000.0,7750000.0,12125000.0,23000000.0,5.15,320,600,6.44,0.9,5.25,,0.0387,0.0575,0.0488,0.0467,0.041,0.0343,30.22,63.8,38,True
2024Q4,93429,3332.53,110.0,787.41,3.125,54.31,5.5,3.0,1.9,2.8,1.7,6.6,3.6,,,,27000,237600.0,31500,,,2200000,8000000,12500000,24000000,4.6,300,550,6.25,1.0,6,18,0.04,0.06,0.05,0.048,0.042,0.035,28.92,70,45,True
2025Q1,82500,1823.48,113.8,814.61,3.125,46.24,4.5,2.5,1.7,2.2,1.7,5.4,3.0,14.0,9.0,,26000,228800.0,31000,45000,,2300000.0,8250000.0,13125000.0,25000000.0,4.33,300,500,6.0,1.05,6.75,19.5,0.0413,0.0638,0.052,0.0495,0.0435,0.0363,89.17,81.2,52,True
2025Q2,107000,2486.46,126.4,904.81,3.125,53.95,3.9,2.2,1.5,1.9,1.7,4.68,2.64,12.0,7.0,22.0,26000,228800.0,31000,42000,2800000,2400000.0,8500000.0,13750000.0,26000000.0,4.33,330,475,5.75,1.1,7.5,21.0,0.0425,0.0675,0.054,0.051,0.045,0.0375,149.42,92.5,58,True
2025Q3,114000,4145.96,138.4,990.71,3.125,52.5,4.2,2.5,1.4,1.7,1.75,5.04,3.0,10.0,5.0,18.0,27000,237600.0,31500,40000,2600000,2500000.0,8750000.0,14375000.0,27000000.0,4.1,300,450,5.5,1.15,8.25,22.5,0.0437,0.0712,0.056,0.0525,0.0465,0.0387,209.67,103.8,64,True
2025Q4,87000,2967.04,148.0,1059.43,3.125,37.4,4.8,3.0,1.5,1.95,1.76,5.76,3.6,9.0,4.5,16.0,28000,246400.0,32000,38000,2500000,2600000,9000000,15000000,28000000,3.65,290,420,5.25,1.2,9,24,0.045,0.075,0.058,0.054,0.048,0.04,269.92,115,68,True
2026Q1,95000,2104.71,152.0,1088.06,3.125,39.75,5.5,3.8,1.8,2.35,,6.6,4.56,9.5,4.0,15.0,28000,246400.0,32000,37000,2400000,2733333.0,9333333.0,16000000.0,28666667.0,3.7,300,225,5.25,1.13,9.33,25.0,0.0473,0.0773,0.0597,0.0553,0.0497,0.041,289.67,133.3,76,True
2026Q2,88500,1569.58,145.0,1037.95,3.125,38.82,6.2,4.5,2.5,2.6,,7.44,5.4,10.5,4.5,16.5,28000,246400.0,32000,36000,2300000,2866667.0,9666667.0,17000000.0,29333333.0,3.75,310,300,5.25,1.07,9.67,26.0,0.0497,0.0797,0.0613,0.0567,0.0513,0.042,309.42,151.7,82,True
2026Q3,85500,2744.22,132.76,950.33,3.125,40.94,5.5,4.0,2.0,2.4,,6.6,4.8,9.5,6.5,17.5,28000,246400.0,32000,36000,2200000,3000000,10000000,18000000,30000000,3.88,340,450,5.25,1.0,10,27,0.052,0.082,0.063,0.058,0.053,0.043,329.17,170,88,True
2026Q4,88000,2824.46,128.0,916.26,3.125,43.68,5.3,3.8,1.9,2.3,,6.36,4.56,9.0,6.2,17.0,28000,246400.0,32000,36000,2200000,3000000,10000000,18500000,30000000,4.0,380,475,6.25,0.9,9,25,0.055,0.085,0.065,0.06,0.055,0.045,333.44,185,92,True
