quarter,weeks,btc_block_subsidy,btc_usd_open,btc_usd_close,btc_usd_high,btc_usd_low,btc_usd_avg,eth_usd_open,eth_usd_close,eth_usd_high,eth_usd_low,eth_usd_avg,btc_difficulty_T_open,btc_difficulty_T_close,btc_difficulty_T_high,btc_difficulty_T_low,btc_difficulty_T_avg,btc_hashrate_EHs_open,btc_hashrate_EHs_close,btc_hashrate_EHs_high,btc_hashrate_EHs_low,btc_hashrate_EHs_avg,btc_fee_share_open,btc_fee_share_close,btc_fee_share_high,btc_fee_share_low,btc_fee_share_avg,btc_hashprice_usd_ph_day_open,btc_hashprice_usd_ph_day_close,btc_hashprice_usd_ph_day_high,btc_hashprice_usd_ph_day_low,btc_hashprice_usd_ph_day_avg,eth_hashrate_THs_open,eth_hashrate_THs_close,eth_hashrate_THs_high,eth_hashrate_THs_low,eth_hashrate_THs_avg,eth_rev_usd_mh_day_open,eth_rev_usd_mh_day_close,eth_rev_usd_mh_day_high,eth_rev_usd_mh_day_low,eth_rev_usd_mh_day_avg
2017Q1,13,12.5,964.39,1093.6,1181.34,964.39,1057.01308,8.15,43.16,43.16,8.15,17.19615,0.312,0.47,0.47,0.312,0.38685,2.23,3.37,3.37,2.23,2.77077,0.041,0.077,0.077,0.041,0.05631,811.2,633.7,811.2,633.7,736.33077,5.0,7.7,7.7,5.0,5.79231,0.05276,0.17708,0.17708,0.05276,0.08887
2017Q2,13,12.5,1104.37,2455.21,2455.21,1104.37,1785.65846,52.41,310.61,395.0,52.41,176.79154,0.479,0.694,0.694,0.479,0.56846,3.43,4.97,4.97,3.43,4.06923,0.082,0.131,0.138,0.082,0.11462,631.1,1023.7,1101.5,631.1,879.64615,8.3,44.2,44.2,8.3,19.13077,0.19855,0.22352,0.43211,0.19855,0.27268
2017Q3,13,12.5,2515.73,4398.03,4650.33,2515.73,3603.84615,279.76,312.74,372.4,200.0,287.13538,0.723,1.068,1.068,0.723,0.88777,5.18,7.64,7.64,5.18,6.35538,0.124,0.078,0.124,0.07,0.08192,998.6,1123.8,1336.4,903.9,1098.8,52.0,98.3,98.3,52.0,78.98462,0.17026,0.0705,0.17026,0.0705,0.10156
2017Q4,13,12.5,4453.26,15901.95,18667.47,4453.26,9389.20462,300.32,681.57,681.57,300.32,409.35308,1.115,1.801,1.801,1.115,1.38292,7.98,12.89,12.89,7.98,9.89846,0.081,0.249,0.249,0.081,0.12554,1092.2,2956.5,3589.7,1092.2,1922.56923,100.6,171.5,171.5,100.6,127.69231,0.06315,0.08138,0.08138,0.04384,0.05872
2018Q1,13,12.5,13724.45,7434.73,13724.45,7366.87,9862.37385,791.73,447.39,1365.72,447.39,915.37077,1.949,3.241,3.241,1.949,2.69477,13.95,23.2,23.2,13.95,19.29154,0.275,0.022,0.275,0.022,0.11038,2443.3,589.5,2443.3,589.5,1144.25385,180.9,246.7,246.7,180.9,216.44615,0.09069,0.03502,0.14703,0.03502,0.08882
2018Q2,13,12.5,7102.24,6571.43,9240.0,6571.43,7799.15615,409.16,473.78,670.0,409.16,553.63308,3.324,4.941,4.941,3.324,4.07131,23.79,35.37,35.37,23.79,29.14385,0.02,0.012,0.02,0.012,0.01854,548.2,338.4,617.4,338.4,500.43846,250.7,279.2,279.2,250.7,266.14615,0.03147,0.03247,0.04968,0.03147,0.04008
2018Q3,13,12.5,6478.44,6708.14,7683.06,6478.44,7087.40385,453.68,242.24,453.68,242.24,357.98923,5.097,6.991,6.991,5.097,5.88731,36.49,50.04,50.04,36.49,42.14308,0.01,0.01,0.01,0.01,0.01,322.8,243.7,365.4,243.7,309.80769,280.3,273.9,289.3,273.9,283.60769,0.03091,0.01678,0.03091,0.01678,0.02408
2018Q4,14,12.5,6619.77,3740.0,6619.77,3298.65,5030.53429,231.78,133.0,231.78,91.99,157.96,7.151,5.11,7.178,5.11,6.35593,51.19,36.58,51.38,36.58,45.49714,0.01,0.02,0.02,0.01,0.01507,235.1,187.8,235.1,162.9,199.30714,268.6,170.0,268.6,170.0,215.95714,0.01632,0.01256,0.01632,0.00822,0.01276
2019Q1,12,12.5,3674.86,4050.38,4050.38,3486.15,3734.6075,126.63,140.02,140.02,109.28,125.8525,5.2,6.07,6.07,5.2,5.76717,37.22,43.45,43.45,37.22,41.2825,0.02,0.028,0.028,0.02,0.02158,181.3,172.6,181.3,158.6,166.56667,167.7,155.0,167.7,155.0,158.9,0.0119,0.01135,0.0119,0.00859,0.01065
2019Q2,13,12.5,4135.75,12500.5,12500.5,4135.75,7213.55154,141.65,285.46,285.46,141.65,209.33923,6.09,8.668,8.668,6.09,7.13838,43.59,62.05,62.05,43.59,51.09769,0.03,0.044,0.058,0.03,0.04469,176.1,379.3,379.3,176.1,259.36154,155.0,174.0,174.0,155.0,162.72308,0.01223,0.02274,0.02274,0.01223,0.01747
2019Q3,14,12.5,10795.3,8290.0,10795.3,8290.0,9729.21643,287.34,180.0,287.34,172.52,208.955,9.03,12.76,12.76,9.03,10.56379,64.64,91.34,91.34,64.64,75.61857,0.04,0.02,0.04,0.02,0.03307,313.1,166.7,313.1,166.7,244.1,175.0,185.0,185.0,175.0,178.43571,0.02276,0.01303,0.02276,0.01302,0.01612
2019Q4,13,12.5,8487.28,7211.65,9107.74,7211.65,8123.21769,180.45,130.66,181.81,130.66,161.11538,12.816,12.883,13.005,12.816,12.93715,91.74,92.22,93.09,91.74,92.60692,0.02,0.02,0.02,0.02,0.02,169.9,143.6,180.0,143.6,161.1,183.9,170.2,183.9,170.2,177.00769,0.01305,0.00832,0.0131,0.00832,0.01124
2020Q1,13,12.5,7573.49,6332.25,9269.47,5000.0,7666.07077,138.45,131.8,210.92,116.13,162.12846,13.228,13.91,15.417,13.228,14.53131,94.69,99.57,110.36,94.69,104.02,0.02,0.02,0.02,0.02,0.02,146.9,116.8,160.1,88.4,135.35385,171.0,180.2,184.7,171.0,178.54615,0.00922,0.01038,0.01626,0.00903,0.01235
2020Q2,13,6.25,6833.01,9150.49,9449.15,6833.01,8693.44538,145.3,226.16,230.83,145.3,207.49615,14.323,15.758,15.973,14.323,15.40123,102.53,112.8,114.34,102.53,110.24692,0.022,0.061,0.079,0.022,0.05115,122.7,77.7,143.1,74.9,100.36154,180.0,189.8,189.8,180.0,183.6,0.01145,0.01871,0.01871,0.01145,0.01664
2020Q3,13,6.25,9531.24,10835.92,11650.0,9531.24,11015.69154,245.28,364.57,435.0,245.28,358.69,15.982,19.173,19.173,15.982,17.29915,114.4,137.24,137.24,114.4,123.83231,0.06,0.072,0.1,0.06,0.07538,79.8,76.6,93.8,76.6,86.74615,191.9,248.3,248.3,191.9,215.83846,0.02021,0.02766,0.0399,0.02021,0.03015
2020Q4,13,6.25,11218.09,27934.86,27934.86,11218.09,17798.01615,364.07,724.21,724.21,364.07,517.10231,19.419,18.501,19.885,17.014,18.33131,139.01,132.43,142.35,121.79,131.22077,0.072,0.073,0.1,0.072,0.08346,78.2,204.8,204.8,78.2,134.47692,251.6,297.0,297.0,251.6,268.70769,0.02647,0.03917,0.03917,0.02444,0.03084
2021Q1,13,6.25,29499.07,57894.24,57894.24,29499.07,40915.16923,794.09,1880.9,1880.9,794.09,1351.43538,18.848,21.86,21.86,18.848,20.86854,134.92,156.48,156.48,134.92,149.38308,0.076,0.139,0.139,0.076,0.11869,213.1,386.9,386.9,213.1,278.66154,309.3,515.2,515.2,309.3,414.56154,0.04225,0.06655,0.06655,0.04225,0.06077
2021Q2,13,6.25,60503.29,35148.82,62821.49,35148.82,47497.25846,2039.54,2301.52,3895.88,2039.54,2745.23,21.655,20.236,25.05,20.236,22.56538,155.01,144.86,179.31,144.86,161.52846,0.138,0.033,0.138,0.033,0.09654,407.7,225.9,428.0,203.5,299.5,529.6,621.3,640.0,529.6,598.23846,0.06914,0.05402,0.11467,0.05402,0.07917
2021Q3,13,6.25,33620.57,44119.32,46908.07,30040.62,41068.11308,2315.2,3040.72,3399.63,2315.2,2866.50846,14.259,19.774,19.774,13.767,16.53185,102.07,141.54,141.54,98.54,118.33846,0.028,0.02,0.028,0.02,0.02154,305.1,286.3,367.9,281.1,319.70769,613.4,765.9,765.9,584.3,642.63077,0.05411,0.0559,0.07396,0.05411,0.06334
2021Q4,13,6.25,45741.57,47558.9,66211.76,45741.57,55496.11231,3141.51,3793.37,4756.92,3141.51,4137.36308,20.145,24.012,24.012,20.145,22.02346,144.21,171.88,171.88,144.21,157.65,0.02,0.02,0.02,0.02,0.02,291.3,254.1,389.0,254.1,324.06154,788.7,943.4,943.4,788.7,871.4,0.05608,0.05656,0.0764,0.05608,0.06662
2022Q1,13,6.25,45480.73,45272.17,45480.73,38500.0,42547.65077,3572.7,3243.3,3572.7,2690.0,3029.64154,24.49,27.59,27.97,24.49,26.81246,175.3,197.5,200.22,175.3,191.93077,0.02,0.015,0.02,0.015,0.01585,238.1,209.4,238.1,184.5,203.12308,954.7,1050.0,1050.0,954.7,1016.18462,0.05264,0.04224,0.05264,0.03748,0.04134
2022Q2,13,6.25,44373.33,19671.08,44373.33,19147.12,31733.57308,3200.71,1049.41,3200.71,1002.91,2179.05769,27.64,28.393,29.845,27.64,28.67892,197.85,203.24,213.64,197.85,205.29154,0.015,0.015,0.02,0.015,0.01669,204.9,88.5,204.9,85.1,142.04615,1056.5,1056.8,1119.3,1056.5,1090.12308,0.04142,0.01318,0.04142,0.01251,0.02728
2022Q3,13,6.25,20309.17,19479.55,23187.36,19479.55,21001.61,1134.13,1365.97,1960.96,1134.13,1538.70615,28.16,31.521,31.805,27.69,28.82046,201.58,225.64,227.67,198.21,206.30462,0.015,0.015,0.015,0.015,0.015,92.1,78.9,106.9,78.7,93.49231,1043.4,923.9,1043.4,923.9,978.56154,0.01441,0.0,0.02702,0.0,0.0171
