week,eth_hashrate_THs,eth_blocks_day,eth_block_reward,eth_rev_usd_mh_day_per_usd
2015-07-27,0.047174,6747,5,0.7719653
2015-08-03,0.091569,5648,5,0.3329091
2015-08-10,0.173042,5783,5,0.1803776
2015-08-17,0.277417,5321,5,0.1035323
2015-08-24,0.34138,5011,5,0.0792307
2015-08-31,0.361629,4404,5,0.0657292
2015-09-07,0.401068,5351,5,0.072007
2015-09-14,0.378003,5362,5,0.0765623
2015-09-21,0.429392,5352,5,0.0672776
2015-09-28,0.368213,5238,5,0.0767806
2015-10-05,0.371944,5255,5,0.0762539
2015-10-12,0.376273,5293,5,0.0759243
2015-10-19,0.373904,5365,5,0.0774459
2015-10-26,0.460519,5565,5,0.0652188
2015-11-02,0.491548,5588,5,0.0613622
2015-11-09,0.520252,5723,5,0.0593701
2015-11-16,0.516236,5481,5,0.0573096
2015-11-23,0.486785,5538,5,0.061407
2015-11-30,0.499603,5504,5,0.0594675
2015-12-07,0.505951,5574,5,0.0594623
2015-12-14,0.546181,5443,5,0.0537934
2015-12-21,0.543258,5481,5,0.0544516
2015-12-28,0.53767,5498,5,0.0551886
2016-01-04,0.544161,5641,5,0.0559477
2016-01-11,0.556659,5413,5,0.0524816
2016-01-18,0.602672,5352,5,0.0479355
2016-01-25,0.657038,5322,5,0.0437203
2016-02-01,0.683633,5393,5,0.0425818
2016-02-08,0.735756,5388,5,0.0395262
2016-02-15,0.787058,5354,5,0.0367185
2016-02-22,0.870101,5384,5,0.0333955
2016-02-29,0.961794,5293,5,0.0297043
2016-03-07,1.1389,5335,5,0.0252814
2016-03-14,1.351201,6307,5,0.0251919
2016-03-21,1.518215,6480,5,0.0230375
2016-03-28,1.729031,6432,5,0.020079
2016-04-04,1.92915,6434,5,0.0180025
2016-04-11,2.048987,6410,5,0.0168849
2016-04-18,2.260441,6455,5,0.0154135
2016-04-25,2.424755,6462,5,0.0143853
2016-05-02,2.542504,6485,5,0.0137678
2016-05-09,2.697938,6505,5,0.0130146
2016-05-16,2.929723,6515,5,0.0120018
2016-05-23,3.162423,6540,5,0.0111618
2016-05-30,3.291493,6490,5,0.010642
2016-06-06,3.512315,6506,5,0.0099972
2016-06-13,3.769104,6677,5,0.0095616
2016-06-20,3.932405,6503,5,0.0089253
2016-06-27,4.208533,6515,5,0.0083557
2016-07-04,4.344615,6516,5,0.0080945
2016-07-11,4.453253,6481,5,0.0078548
2016-07-18,4.523614,6512,5,0.0077696
2016-07-25,4.146106,6484,5,0.0084415
2016-08-01,3.904939,6473,5,0.0089469
2016-08-08,4.424101,6524,5,0.0079599
2016-08-15,4.686401,6551,5,0.0075448
2016-08-22,5.081968,6528,5,0.0069331
2016-08-29,5.146008,6476,5,0.0067929
2016-09-05,5.18636,6506,5,0.0067711
2016-09-12,5.443575,6470,5,0.0064149
2016-09-19,5.779249,6869,5,0.0064153
2016-09-26,6.278464,6952,5,0.0059767
2016-10-03,6.609449,7118,5,0.0058131
2016-10-10,7.068502,6848,5,0.0052291
2016-10-17,7.529222,6722,5,0.0048188
2016-10-24,7.190372,6400,5,0.0048042
2016-10-31,4.666949,6370,5,0.0073675
2016-11-07,4.755574,6502,5,0.0073793
2016-11-14,5.261066,6506,5,0.0066745
2016-11-21,5.641441,6712,5,0.0064221
2016-11-28,5.426685,6604,5,0.0065689
2016-12-05,5.745182,6458,5,0.0060674
2016-12-12,6.232721,6457,5,0.0055915
2016-12-19,6.306161,6401,5,0.0054782
2016-12-26,5.956643,6417,5,0.0058149
