week,quarter,btc_usd,btc_difficulty_T,btc_hashrate_EHs,btc_block_subsidy,btc_fee_share,btc_hashprice_usd_th_day,btc_hashprice_usd_ph_day,eth_usd,eth_hashrate_THs,eth_rev_usd_mh_day,estimate
2009-01-05,2009Q1,0.0,1e-12,7.158278826666667e-12,50.0,0.0005,0.0,0.0,,,,True
2009-01-12,2009Q1,0.0,1e-12,7.158278826666667e-12,50.0,0.0005,0.0,0.0,,,,True
2009-01-19,2009Q1,0.0,1e-12,7.158278826666667e-12,50.0,0.0005,0.0,0.0,,,,True
2009-01-26,2009Q1,0.0,1e-12,7.158278826666667e-12,50.0,0.0005,0.0,0.0,,,,True
2009-02-02,2009Q1,0.0,1e-12,7.158278826666667e-12,50.0,0.0005,0.0,0.0,,,,True
2009-02-09,2009Q1,0.0,1e-12,7.158278826666667e-12,50.0,0.0005,0.0,0.0,,,,True
2009-02-16,2009Q1,0.0,1e-12,7.158278826666667e-12,50.0,0.0005,0.0,0.0,,,,True
2009-02-23,2009Q1,0.0,1e-12,7.158278826666667e-12,50.0,0.0005,0.0,0.0,,,,True
2009-03-02,2009Q1,0.0,1e-12,7.158278826666667e-12,50.0,0.0005,0.0,0.0,,,,True
2009-03-09,2009Q1,0.0,1e-12,7.158278826666667e-12,50.0,0.0005,0.0,0.0,,,,True
2009-03-16,2009Q1,0.0,1e-12,7.158278826666667e-12,50.0,0.0005,0.0,0.0,,,,True
2009-03-23,2009Q1,0.0,1e-12,7.158278826666667e-12,50.0,0.0005,0.0,0.0,,,,True
2009-03-30,2009Q1,0.0,1e-12,7.158278826666667e-12,50.0,0.0005,0.0,0.0,,,,True
2009-04-06,2009Q2,0.0,1e-12,7.158278826666667e-12,50.0,0.0005,0.0,0.0,,,,True
2009-04-13,2009Q2,0.0,1e-12,7.158278826666667e-12,50.0,0.0005,0.0,0.0,,,,True
2009-04-20,2009Q2,0.0,1e-12,7.158278826666667e-12,50.0,0.0005,0.0,0.0,,,,True
2009-04-27,2009Q2,0.0,1e-12,7.158278826666667e-12,50.0,0.0005,0.0,0.0,,,,True
2009-05-04,2009Q2,0.0,1e-12,7.158278826666667e-12,50.0,0.0005,0.0,0.0,,,,True
2009-05-11,2009Q2,0.0,1e-12,7.158278826666667e-12,50.0,0.0005,0.0,0.0,,,,True
2009-05-18,2009Q2,0.0,1e-12,7.158278826666667e-12,50.0,0.0005,0.0,0.0,,,,True
2009-05-25,2009Q2,0.0,1e-12,7.158278826666667e-12,50.0,0.0005,0.0,0.0,,,,True
2009-06-01,2009Q2,0.0,1e-12,7.158278826666667e-12,50.0,0.0005,0.0,0.0,,,,True
2009-06-08,2009Q2,0.0,1e-12,7.158278826666667e-12,50.0,0.0005,0.0,0.0,,,,True
2009-06-15,2009Q2,0.0,1e-12,7.158278826666667e-12,50.0,0.0005,0.0,0.0,,,,True
2009-06-22,2009Q2,0.0,1e-12,7.158278826666667e-12,50.0,0.0005,0.0,0.0,,,,True
2009-06-29,2009Q2,0.0,1e-12,7.158278826666667e-12,50.0,0.0005,0.0,0.0,,,,True
2009-07-06,2009Q3,0.0,1e-12,7.158278826666667e-12,50.0,0.0005,0.0,0.0,,,,True
2009-07-13,2009Q3,0.0,1e-12,7.158278826666667e-12,50.0,0.0005,0.0,0.0,,,,True
2009-07-20,2009Q3,0.0,1e-12,7.158278826666667e-12,50.0,0.0005,0.0,0.0,,,,True
2009-07-27,2009Q3,0.0,1e-12,7.158278826666667e-12,50.0,0.0005,0.0,0.0,,,,True
2009-08-03,2009Q3,0.0,1e-12,7.158278826666667e-12,50.0,0.0005,0.0,0.0,,,,True
2009-08-10,2009Q3,0.0,1e-12,7.158278826666667e-12,50.0,0.0005,0.0,0.0,,,,True
2009-08-17,2009Q3,0.0,1e-12,7.158278826666667e-12,50.0,0.0005,0.0,0.0,,,,True
2009-08-24,2009Q3,0.0,1e-12,7.158278826666667e-12,50.0,0.0005,0.0,0.0,,,,True
2009-08-31,2009Q3,0.0,1e-12,7.158278826666667e-12,50.0,0.0005,0.0,0.0,,,,True
2009-09-07,2009Q3,0.0,1e-12,7.158278826666667e-12,50.0,0.0005,0.0,0.0,,,,True
2009-09-14,2009Q3,0.0,1e-12,7.158278826666667e-12,50.0,0.0005,0.0,0.0,,,,True
2009-09-21,2009Q3,0.0,1e-12,7.158278826666667e-12,50.0,0.0005,0.0,0.0,,,,True
2009-09-28,2009Q3,0.0,1e-12,7.158278826666667e-12,50.0,0.0005,0.0,0.0,,,,True
2009-10-05,2009Q4,0.0,1e-12,7.158278826666667e-12,50.0,0.0005,0.0,0.0,,,,True
2009-10-12,2009Q4,0.0,1e-12,7.158278826666667e-12,50.0,0.0005,0.0,0.0,,,,True
2009-10-19,2009Q4,0.0,1e-12,7.158278826666667e-12,50.0,0.0005,0.0,0.0,,,,True
2009-10-26,2009Q4,0.0,1e-12,7.158278826666667e-12,50.0,0.0005,0.0,0.0,,,,True
2009-11-02,2009Q4,0.0,1e-12,7.158278826666667e-12,50.0,0.0005,0.0,0.0,,,,True
2009-11-09,2009Q4,0.0,1e-12,7.158278826666667e-12,50.0,0.0005,0.0,0.0,,,,True
2009-11-16,2009Q4,0.0,1e-12,7.158278826666667e-12,50.0,0.0005,0.0,0.0,,,,True
2009-11-23,2009Q4,0.0,1e-12,7.158278826666667e-12,50.0,0.0005,0.0,0.0,,,,True
2009-11-30,2009Q4,0.0,1e-12,7.158278826666667e-12,50.0,0.0005,0.0,0.0,,,,True
2009-12-07,2009Q4,0.0,1e-12,7.158278826666667e-12,50.0,0.0005,0.0,0.0,,,,True
2009-12-14,2009Q4,0.0,1e-12,7.158278826666667e-12,50.0,0.0005,0.0,0.0,,,,True
2009-12-21,2009Q4,0.0,1e-12,7.158278826666667e-12,50.0,0.0005,0.0,0.0,,,,True
2009-12-28,2009Q4,0.0,1e-12,7.158278826666667e-12,50.0,0.0005,0.0,0.0,,,,True
2010-01-04,2010Q1,0.0,1.1828995343128399e-12,8.467524690545461e-12,50.0,0.0005,0.0,0.0,,,,True
2010-01-11,2010Q1,0.0,1.1828995343128399e-12,8.467524690545461e-12,50.0,0.0005,0.0,0.0,,,,True
2010-01-18,2010Q1,0.0,1.1828995343128399e-12,8.467524690545461e-12,50.0,0.0005,0.0,0.0,,,,True
2010-01-25,2010Q1,0.0,1.1828995343128399e-12,8.467524690545461e-12,50.0,0.0005,0.0,0.0,,,,True
2010-02-01,2010Q1,0.0,1.3442249707710302e-12,9.622337146546883e-12,50.0,0.0005,0.0,0.0,,,,True
2010-02-08,2010Q1,0.0,1.3442249707710302e-12,9.622337146546883e-12,50.0,0.0005,0.0,0.0,,,,True
2010-02-15,2010Q1,0.0,1.3442249707710302e-12,9.622337146546883e-12,50.0,0.0005,0.0,0.0,,,,True
2010-02-22,2010Q1,0.0,1.3442249707710302e-12,9.622337146546883e-12,50.0,0.0005,0.0,0.0,,,,True
2010-03-01,2010Q1,0.003,1.81864853614541e-12,1.3018393309438018e-11,50.0,0.0005,1660020.93261647,1660020932.616473,,,,True
2010-03-08,2010Q1,0.003073,1.81864853614541e-12,1.3018393309438018e-11,50.0,0.0005,1700414.77531014,1700414775.31014,,,,True
2010-03-15,2010Q1,0.003147,1.81864853614541e-12,1.3018393309438018e-11,50.0,0.0005,1741361.95831468,1741361958.31468,,,,True
2010-03-22,2010Q1,0.003224,1.81864853614541e-12,1.3018393309438018e-11,50.0,0.0005,1783969.16225184,1783969162.251836,,,,True
2010-03-29,2010Q1,0.003302,1.81864853614541e-12,1.3018393309438018e-11,50.0,0.0005,1827129.70649986,1827129706.499864,,,,True
2010-04-05,2010Q2,0.003382,4.56516291033707e-12,3.2678709001349825e-11,50.0,0.0005,745518.47472429,745518474.724292,,,,True
2010-04-12,2010Q2,0.003464,4.56516291033707e-12,3.2678709001349825e-11,50.0,0.0005,763594.3218347,763594321.834698,,,,True
2010-04-19,2010Q2,0.003548,4.56516291033707e-12,3.2678709001349825e-11,50.0,0.0005,782111.04326487,782111043.26487,,,,True
2010-04-26,2010Q2,0.003634,4.56516291033707e-12,3.2678709001349825e-11,50.0,0.0005,801068.63901481,801068639.014807,,,,True
2010-05-03,2010Q2,0.003722,1.1464315805514101e-11,8.206476909283159e-11,50.0,0.0005,326715.18118356,326715181.18356,,,,True
2010-05-10,2010Q2,0.003813,1.1464315805514101e-11,8.206476909283159e-11,50.0,0.0005,334703.11280304,334703112.80304,,,,True
2010-05-17,2010Q2,0.003905,1.2849183147823799e-11,9.197803566702924e-11,50.0,0.0005,305834.59223189,305834592.231891,,,,True
2010-05-24,2010Q2,0.004,1.2849183147823799e-11,9.197803566702924e-11,50.0,0.0005,313274.87040399,313274870.403986,,,,True
2010-05-31,2010Q2,0.005485,1.2849183147823799e-11,9.197803566702924e-11,50.0,0.0005,429578.16604147,429578166.041466,,,,True
2010-06-07,2010Q2,0.007521,1.66190787518574e-11,1.1896399954812672e-10,50.0,0.0005,455417.51580615,455417515.806154,,,,True
2010-06-14,2010Q2,0.010313,1.66190787518574e-11,1.1896399954812672e-10,50.0,0.0005,624480.89888431,624480898.884306,,,,True
2010-06-21,2010Q2,0.014142,1.66190787518574e-11,1.1896399954812672e-10,50.0,0.0005,856337.52274041,856337522.740411,,,,True
2010-06-28,2010Q2,0.019392,1.73814881581401e-11,1.2442153865837168e-10,50.0,0.0005,1122733.63301365,1122733633.013647,,,,True
2010-07-05,2010Q3,0.026591,1.94047963283822e-11,1.389049426932374e-10,50.0,0.0005,1379007.62761748,1379007627.617484,,,,True
2010-07-12,2010Q3,0.036463,1.94047963283822e-11,1.389049426932374e-10,50.0,0.0005,1890968.94158987,1890968941.589873,,,,True
2010-07-19,2010Q3,0.05,1.94047963283822e-11,1.389049426932374e-10,50.0,0.0005,2592996.93057328,2592996930.573284,,,,True
2010-07-26,2010Q3,0.056344,2.3501257222903198e-11,1.6822855197875502e-10,50.0,0.0005,2412668.56960875,2412668569.608755,,,,True
2010-08-02,2010Q3,0.063493,2.4421322309237496e-10,1.7481463440541708e-09,50.0,0.0005,261636.15574875,261636155.748754,,,,True
2010-08-09,2010Q3,0.071548,2.4421322309237496e-10,1.7481463440541708e-09,50.0,0.0005,294828.46410647,294828464.106466,,,,True
2010-08-16,2010Q3,0.080626,2.4421322309237496e-10,1.7481463440541708e-09,50.0,0.0005,332236.25743624,332236257.436238,,,,True
2010-08-23,2010Q3,0.090856,2.4421322309237496e-10,1.7481463440541708e-09,50.0,0.0005,374391.10715683,374391107.156833,,,,True
2010-08-30,2010Q3,0.102384,2.4421322309237496e-10,1.7481463440541708e-09,50.0,0.0005,421894.63673445,421894636.73445,,,,True
2010-09-06,2010Q3,0.115374,6.23386959868928e-10,4.46237767564985e-09,50.0,0.0005,186247.87379882,186247873.798816,,,,True
2010-09-13,2010Q3,0.130012,6.23386959868928e-10,4.46237767564985e-09,50.0,0.0005,209877.94969691,209877949.696914,,,,True
2010-09-20,2010Q3,0.146508,6.23386959868928e-10,4.46237767564985e-09,50.0,0.0005,236507.3889656,236507388.965599,,,,True
2010-09-27,2010Q3,0.165096,6.23386959868928e-10,4.46237767564985e-09,50.0,0.0005,266513.93704552,266513937.045516,,,,True
2010-10-04,2010Q4,0.186043,9.17830741301512e-10,6.5700883619223844e-09,50.0,0.0005,203981.98867645,203981988.676449,,,,True
2010-10-11,2010Q4,0.209648,9.17830741301512e-10,6.5700883619223844e-09,50.0,0.0005,229863.0744615,229863074.461497,,,,True
2010-10-18,2010Q4,0.236248,9.17830741301512e-10,6.5700883619223844e-09,50.0,0.0005,259027.94977953,259027949.779534,,,,True
2010-10-25,2010Q4,0.266222,9.17830741301512e-10,6.5700883619223844e-09,50.0,0.0005,291892.15928265,291892159.282648,,,,True
2010-11-01,2010Q4,0.3,2.14902181494673e-09,1.538329735597795e-08,50.0,0.0005,140482.27049517,140482270.49517,,,,True
2010-11-08,2010Q4,0.3,2.14902181494673e-09,1.538329735597795e-08,50.0,0.0005,140482.27049517,140482270.49517,,,,True
2010-11-15,2010Q4,0.3,2.14902181494673e-09,1.538329735597795e-08,50.0,0.0005,140482.27049517,140482270.49517,,,,True
2010-11-22,2010Q4,0.3,2.14902181494673e-09,1.538329735597795e-08,50.0,0.0005,140482.27049517,140482270.49517,,,,True
2010-11-29,2010Q4,0.3,2.14902181494673e-09,1.538329735597795e-08,50.0,0.0005,140482.27049517,140482270.49517,,,,True
2010-12-06,2010Q4,0.3,6.8668986489727404e-09,4.91551752038075e-08,50.0,0.0005,43964.45605798,43964456.057981,,,,True
2010-12-13,2010Q4,0.3,6.8668986489727404e-09,4.91551752038075e-08,50.0,0.0005,43964.45605798,43964456.057981,,,,True
2010-12-20,2010Q4,0.3,6.8668986489727404e-09,4.91551752038075e-08,50.0,0.0005,43964.45605798,43964456.057981,,,,True
2010-12-27,2010Q4,0.3,6.8668986489727404e-09,4.91551752038075e-08,50.0,0.0005,43964.45605798,43964456.057981,,,,True
2011-01-03,2011Q1,0.3,1.44841623612254e-08,1.0368167275236206e-07,50.0,0.0005,20843.41892739,20843418.927391,,,,True
2011-01-10,2011Q1,0.381678,1.44841623612254e-08,1.0368167275236206e-07,50.0,0.0005,26518.24816456,26518248.164562,,,,True
2011-01-17,2011Q1,0.485593,1.44841623612254e-08,1.0368167275236206e-07,50.0,0.0005,33738.0610907,33738061.090695,,,,True
2011-01-24,2011Q1,0.617801,1.44841623612254e-08,1.0368167275236206e-07,50.0,0.0005,42923.61685587,42923616.85587,,,,True
2011-01-31,2011Q1,0.786003,1.44841623612254e-08,1.0368167275236206e-07,50.0,0.0005,54609.96602395,54609966.023953,,,,True
2011-02-07,2011Q1,1.0,2.2012381337993897e-08,1.575707632562742e-07,50.0,0.0005,45716.61425022,45716614.250224,,,,True
2011-02-14,2011Q1,0.964679,2.2012381337993897e-08,1.575707632562742e-07,50.0,0.0005,44101.85771829,44101857.718292,,,,True
2011-02-21,2011Q1,0.930605,2.2012381337993897e-08,1.575707632562742e-07,50.0,0.0005,42544.10980433,42544109.80433,,,,True
2011-02-28,2011Q1,0.897735,2.2012381337993897e-08,1.575707632562742e-07,50.0,0.0005,41041.40469392,41041404.693925,,,,True
2011-03-07,2011Q1,0.866025,2.2012381337993897e-08,1.575707632562742e-07,50.0,0.0005,39591.73085605,39591730.85605,,,,True
2011-03-14,2011Q1,0.835436,2.2012381337993897e-08,1.575707632562742e-07,50.0,0.0005,38193.30534275,38193305.34275,,,,True
2011-03-21,2011Q1,0.805927,2.2012381337993897e-08,1.575707632562742e-07,50.0,0.0005,36844.25377284,36844253.77284,,,,True
2011-03-28,2011Q1,0.777461,2.2012381337993897e-08,1.575707632562742e-07,50.0,0.0005,35542.88463159,35542884.631593,,,,True
2011-04-04,2011Q2,0.75,6.897778463020961e-08,4.937622152288027e-07,50.0,0.0005,10941.90925114,10941909.25114,,,,True
2011-04-11,2011Q2,1.125724,6.897778463020961e-08,4.937622152288027e-07,50.0,0.0005,16423.42646644,16423426.46644,,,,True
2011-04-18,2011Q2,1.689673,6.897778463020961e-08,4.937622152288027e-07,50.0,0.0005,24650.99817347,24650998.173468,,,,True
2011-04-25,2011Q2,2.536142,6.897778463020961e-08,4.937622152288027e-07,50.0,0.0005,37000.31414934,37000314.149339,,,,True
2011-05-02,2011Q2,3.806661,6.897778463020961e-08,4.937622152288027e-07,50.0,0.0005,55536.1856158,55536185.615804,,,,True
2011-05-09,2011Q2,5.713668,6.897778463020961e-08,4.937622152288027e-07,50.0,0.0005,83357.91566286,83357915.662856,,,,True
2011-05-16,2011Q2,8.576019,6.897778463020961e-08,4.937622152288027e-07,50.0,0.0005,125117.36217873,125117362.178735,,,,True
2011-05-23,2011Q2,12.87231,6.897778463020961e-08,4.937622152288027e-07,50.0,0.0005,187796.86383005,187796863.830053,,,,True
2011-05-30,2011Q2,19.320895,6.897778463020961e-08,4.937622152288027e-07,50.0,0.0005,281876.6396544,281876639.654402,,,,True
2011-06-06,2011Q2,29.0,4.34877045527628e-07,3.1129711472037755e-06,50.0,0.0005,67107.73802506,67107738.025057,,,,True
2011-06-13,2011Q2,17.5,4.34877045527628e-07,3.1129711472037755e-06,50.0,0.0005,40496.04880822,40496048.808224,,,,True
2011-06-20,2011Q2,15.5,8.76954493513537e-07,6.277484782868142e-06,50.0,0.0005,17786.71422967,17786714.229667,,,,True
2011-06-27,2011Q2,14.73092,8.76954493513537e-07,6.277484782868142e-06,50.0,0.0005,16904.17189549,16904171.895489,,,,True
2011-07-04,2011Q3,14.0,8.76954493513537e-07,6.277484782868142e-06,50.0,0.0005,16065.41930422,16065419.304215,,,,True
2011-07-11,2011Q3,13.155998,8.76954493513537e-07,6.277484782868142e-06,50.0,0.0005,15096.9017311,15096901.731101,,,,True
2011-07-18,2011Q3,12.362878,8.76954493513537e-07,6.277484782868142e-06,50.0,0.0005,14186.77277692,14186772.776918,,,,True
2011-07-25,2011Q3,11.617571,8.76954493513537e-07,6.277484782868142e-06,50.0,0.0005,13331.51067225,13331510.672249,,,,True
2011-08-01,2011Q3,10.917196,1.88878670535305e-06,1.352046188101823e-05,50.0,0.0005,5816.60104947,5816601.049465,,,,True
2011-08-08,2011Q3,10.259044,1.88878670535305e-06,1.352046188101823e-05,50.0,0.0005,5465.94254577,5465942.54577,,,,True
2011-08-15,2011Q3,9.640569,1.88878670535305e-06,1.352046188101823e-05,50.0,0.0005,5136.42365337,5136423.653367,,,,True
2011-08-22,2011Q3,9.059379,1.88878670535305e-06,1.352046188101823e-05,50.0,0.0005,4826.7699324,4826769.932399,,,,True
2011-08-29,2011Q3,8.513227,1.88878670535305e-06,1.352046188101823e-05,50.0,0.0005,4535.78419793,4535784.197933,,,,True
2011-09-05,2011Q3,8.0,1.88878670535305e-06,1.352046188101823e-05,50.0,0.0005,4262.34065924,4262340.659243,,,,True
2011-09-12,2011Q3,6.965281,1.88878670535305e-06,1.352046188101823e-05,50.0,0.0005,3711.05005117,3711050.051169,,,,True
2011-09-19,2011Q3,6.064392,1.88878670535305e-06,1.352046188101823e-05,50.0,0.0005,3231.0630744,3231063.074398,,,,True
2011-09-26,2011Q3,5.280024,1.88878670535305e-06,1.352046188101823e-05,50.0,0.0005,2813.15762212,2813157.622122,,,,True
2011-10-03,2011Q4,4.597107,1.6893344045971001e-06,1.209272669958696e-05,50.0,0.0005,2738.48314667,2738483.146672,,,,True
2011-10-10,2011Q4,4.002517,1.6893344045971001e-06,1.209272669958696e-05,50.0,0.0005,2384.28762889,2384287.628887,,,,True
2011-10-17,2011Q4,3.484832,1.6893344045971001e-06,1.209272669958696e-05,50.0,0.0005,2075.90419387,2075904.193873,,,,True
2011-10-24,2011Q4,3.034105,1.6893344045971001e-06,1.209272669958696e-05,50.0,0.0005,1807.40744293,1807407.442927,,,,True
2011-10-31,2011Q4,2.641674,1.6893344045971001e-06,1.209272669958696e-05,50.0,0.0005,1573.63744807,1573637.448074,,,,True
2011-11-07,2011Q4,2.3,1.6893344045971001e-06,1.209272669958696e-05,50.0,0.0005,1370.10324914,1370103.24914,,,,True
2011-11-14,2011Q4,2.534446,1.6893344045971001e-06,1.209272669958696e-05,50.0,0.0005,1509.7620432,1509762.043205,,,,True
2011-11-21,2011Q4,2.792791,1.6893344045971001e-06,1.209272669958696e-05,50.0,0.0005,1663.65740142,1663657.401422,,,,True
2011-11-28,2011Q4,3.077469,1.6893344045971001e-06,1.209272669958696e-05,50.0,0.0005,1833.23925045,1833239.250447,,,,True
2011-12-05,2011Q4,3.391165,1.19249775008948e-06,8.536231395313163e-06,50.0,0.0005,2861.75493258,2861754.932576,,,,True
2011-12-12,2011Q4,3.736837,1.19249775008948e-06,8.536231395313163e-06,50.0,0.0005,3153.46251715,3153462.517154,,,,True
2011-12-19,2011Q4,4.117745,1.19249775008948e-06,8.536231395313163e-06,50.0,0.0005,3474.9052508,3474905.250804,,,,True
2011-12-26,2011Q4,4.53748,1.19249775008948e-06,8.536231395313163e-06,50.0,0.0005,3829.11352632,3829113.526315,,,,True
2012-01-02,2012Q1,5.0,1.15992949722438e-06,8.303098760407392e-06,50.0,0.0005,4337.89962565,4337899.62565,,,,True
2012-01-09,2012Q1,5.059985,1.15992949722438e-06,8.303098760407392e-06,50.0,0.0005,4389.94140746,4389941.407458,,,,True
2012-01-16,2012Q1,5.12069,1.15992949722438e-06,8.303098760407392e-06,50.0,0.0005,4442.60784681,4442607.846813,,,,True
2012-01-23,2012Q1,5.182123,1.15992949722438e-06,8.303098760407392e-06,50.0,0.0005,4495.90588435,4495905.884354,,,,True
2012-01-30,2012Q1,5.244293,1.15992949722438e-06,8.303098760407392e-06,50.0,0.0005,4549.8433283,4549843.328299,,,,True
2012-02-06,2012Q1,5.307209,1.15992949722438e-06,8.303098760407392e-06,50.0,0.0005,4604.42798687,4604427.986869,,,,True
2012-02-13,2012Q1,5.37088,1.15992949722438e-06,8.303098760407392e-06,50.0,0.0005,4659.66766828,4659667.668282,,,,True
2012-02-20,2012Q1,5.435315,1.15992949722438e-06,8.303098760407392e-06,50.0,0.0005,4715.57018076,4715570.180757,,,,True
2012-02-27,2012Q1,5.500523,1.15992949722438e-06,8.303098760407392e-06,50.0,0.0005,4772.14333252,4772143.332515,,,,True
2012-03-05,2012Q1,5.566513,1.15992949722438e-06,8.303098760407392e-06,50.0,0.0005,4829.39493177,4829394.931775,,,,True
2012-03-12,2012Q1,5.633294,1.15992949722438e-06,8.303098760407392e-06,50.0,0.0005,4887.33278675,4887332.786755,,,,True
2012-03-19,2012Q1,5.700877,1.15992949722438e-06,8.303098760407392e-06,50.0,0.0005,4945.96644083,4945966.440835,,,,True
2012-03-26,2012Q1,5.769271,1.15992949722438e-06,8.303098760407392e-06,50.0,0.0005,5005.30370223,5005303.702234,,,,True
2012-04-02,2012Q2,5.838485,1.62655348132894e-06,1.1643323345837906e-05,50.0,0.0005,3612.20931613,3612209.316128,,,,True
2012-04-09,2012Q2,5.90853,1.62655348132894e-06,1.1643323345837906e-05,50.0,0.0005,3655.54542156,3655545.421565,,,,True
2012-04-16,2012Q2,5.979414,1.62655348132894e-06,1.1643323345837906e-05,50.0,0.0005,3699.40060748,3699400.607484,,,,True
2012-04-23,2012Q2,6.05115,1.62655348132894e-06,1.1643323345837906e-05,50.0,0.0005,3743.78291685,3743782.916851,,,,True
2012-04-30,2012Q2,6.123746,1.62655348132894e-06,1.1643323345837906e-05,50.0,0.0005,3788.69729918,3788697.29918,,,,True
2012-05-07,2012Q2,6.197212,1.62655348132894e-06,1.1643323345837906e-05,50.0,0.0005,3834.14994137,3834149.941367,,,,True
2012-05-14,2012Q2,6.271561,1.62655348132894e-06,1.1643323345837906e-05,50.0,0.0005,3880.14888638,3880148.886375,,,,True
2012-05-21,2012Q2,6.346801,1.62655348132894e-06,1.1643323345837906e-05,50.0,0.0005,3926.69908372,3926699.08372,,,,True
2012-05-28,2012Q2,6.422944,1.62655348132894e-06,1.1643323345837906e-05,50.0,0.0005,3973.80795768,3973807.957676,,,,True
2012-06-04,2012Q2,6.5,1.62655348132894e-06,1.1643323345837906e-05,50.0,0.0005,4021.48169514,4021481.695137,,,,True
2012-06-11,2012Q2,6.768442,1.62655348132894e-06,1.1643323345837906e-05,50.0,0.0005,4187.56393963,4187563.939631,,,,True
2012-06-18,2012Q2,7.04797,1.62655348132894e-06,1.1643323345837906e-05,50.0,0.0005,4360.50497583,4360504.975827,,,,True
2012-06-25,2012Q2,7.339042,1.62655348132894e-06,1.1643323345837906e-05,50.0,0.0005,4540.58816351,4540588.163515,,,,True
2012-07-02,2012Q3,7.642135,1.75145453534068e-06,1.2537399916198493e-05,50.0,0.0005,4390.93415036,4390934.150357,,,,True
2012-07-09,2012Q3,7.957745,1.75145453534068e-06,1.2537399916198493e-05,50.0,0.0005,4572.27388424,4572273.88424,,,,True
2012-07-16,2012Q3,8.28639,1.75145453534068e-06,1.2537399916198493e-05,50.0,0.0005,4761.10312552,4761103.125525,,,,True
2012-07-23,2012Q3,8.628607,1.75145453534068e-06,1.2537399916198493e-05,50.0,0.0005,4957.73041778,4957730.417784,,,,True
2012-07-30,2012Q3,8.984957,1.75145453534068e-06,1.2537399916198493e-05,50.0,0.0005,5162.47809425,5162478.094249,,,,True
2012-08-06,2012Q3,9.356025,1.75145453534068e-06,1.2537399916198493e-05,50.0,0.0005,5375.68227781,5375682.277806,,,,True
2012-08-13,2012Q3,9.742416,1.75145453534068e-06,1.2537399916198493e-05,50.0,0.0005,5597.69058272,5597690.582722,,,,True
2012-08-20,2012Q3,10.144766,1.75145453534068e-06,1.2537399916198493e-05,50.0,0.0005,5828.86843491,5828868.434905,,,,True
2012-08-27,2012Q3,10.563731,1.75145453534068e-06,1.2537399916198493e-05,50.0,0.0005,6069.59275164,6069592.751645,,,,True
2012-09-03,2012Q3,11.0,2.44064260691596e-06,1.7470800296547054e-05,50.0,0.0005,4535.5460806,4535546.080597,,,,True
2012-09-10,2012Q3,11.117807,2.44064260691596e-06,1.7470800296547054e-05,50.0,0.0005,4584.12054215,4584120.542154,,,,True
2012-09-17,2012Q3,11.236876,2.44064260691596e-06,1.7470800296547054e-05,50.0,0.0005,4633.21535454,4633215.354542,,,,True
2012-09-24,2012Q3,11.357219,2.44064260691596e-06,1.7470800296547054e-05,50.0,0.0005,4682.83546563,4682835.465631,,,,True
2012-10-01,2012Q4,11.478852,2.44064260691596e-06,1.7470800296547054e-05,50.0,0.0005,4732.98747258,4732987.472578,,,,True
2012-10-08,2012Q4,11.601787,2.44064260691596e-06,1.7470800296547054e-05,50.0,0.0005,4783.67632325,4783676.323252,,,,True
2012-10-15,2012Q4,11.726039,2.44064260691596e-06,1.7470800296547054e-05,50.0,0.0005,4834.90820249,4834908.202489,,,,True
2012-10-22,2012Q4,11.851622,2.44064260691596e-06,1.7470800296547054e-05,50.0,0.0005,4886.6888828,4886688.882802,,,,True
2012-10-29,2012Q4,11.97855,2.44064260691596e-06,1.7470800296547054e-05,50.0,0.0005,4939.0241367,4939024.136704,,,,True
2012-11-05,2012Q4,12.106837,2.44064260691596e-06,1.7470800296547054e-05,50.0,0.0005,4991.91973671,4991919.736707,,,,True
2012-11-12,2012Q4,12.236497,2.44064260691596e-06,1.7470800296547054e-05,50.0,0.0005,5045.38145533,5045381.455327,,,,True
2012-11-19,2012Q4,12.367547,2.44064260691596e-06,1.7470800296547054e-05,50.0,0.0005,5099.41630204,5099416.302041,,,,True
2012-11-26,2012Q4,12.5,2.44064260691596e-06,1.7470800296547054e-05,50.0,0.0005,5154.02963704,5154029.637043,,,,True
2012-12-03,2012Q4,12.661368,3.36876714053294e-06,2.4114574494047355e-05,25.0,0.0005,1891.12715526,1891127.155264,,,,True
2012-12-10,2012Q4,12.82482,3.36876714053294e-06,2.4114574494047355e-05,25.0,0.0005,1915.5406717,1915540.671701,,,,True
2012-12-17,2012Q4,12.990381,3.36876714053294e-06,2.4114574494047355e-05,25.0,0.0005,1940.26919258,1940269.192581,,,,True
2012-12-24,2012Q4,13.15808,3.36876714053294e-06,2.4114574494047355e-05,25.0,0.0005,1965.3170494,1965317.049401,,,,True
2012-12-31,2012Q4,13.327943,3.36876714053294e-06,2.4114574494047355e-05,25.0,0.0005,1990.68812557,1990688.125573,,,,True
2013-01-07,2013Q1,13.5,3.37018179927784e-06,2.4124701015787934e-05,25.0,0.0005,2015.54050864,2015540.508637,,,,True
2013-01-14,2013Q1,15.507071,3.37018179927784e-06,2.4124701015787934e-05,25.0,0.0005,2315.19479784,2315194.797838,,,,True
2013-01-21,2013Q1,17.812537,3.37018179927784e-06,2.4124701015787934e-05,25.0,0.0005,2659.39925075,2659399.250748,,,,True
2013-01-28,2013Q1,20.460762,3.37018179927784e-06,2.4124701015787934e-05,25.0,0.0005,3054.77738138,3054777.381376,,,,True
2013-02-04,2013Q1,23.502703,3.37018179927784e-06,2.4124701015787934e-05,25.0,0.0005,3508.937034,3508937.033997,,,,True
2013-02-11,2013Q1,26.996895,3.37018179927784e-06,2.4124701015787934e-05,25.0,0.0005,4030.61744296,4030617.442957,,,,True
2013-02-18,2013Q1,31.010576,3.37018179927784e-06,2.4124701015787934e-05,25.0,0.0005,4629.85719438,4629857.194383,,,,True
2013-02-25,2013Q1,35.620978,3.37018179927784e-06,2.4124701015787934e-05,25.0,0.0005,5318.18697158,5318186.971576,,,,True
2013-03-04,2013Q1,40.916818,3.37018179927784e-06,2.4124701015787934e-05,25.0,0.0005,6108.85216026,6108852.160261,,,,True
2013-03-11,2013Q1,47.0,3.37018179927784e-06,2.4124701015787934e-05,25.0,0.0005,7017.066956,7017066.955996,,,,True
2013-03-18,2013Q1,69.904535,3.37018179927784e-06,2.4124701015787934e-05,25.0,0.0005,10436.69792814,10436697.928143,,,,True
2013-03-25,2013Q1,103.97115,3.37018179927784e-06,2.4124701015787934e-05,25.0,0.0005,15522.81959664,15522819.596636,,,,True
2013-04-01,2013Q2,154.639466,6.69582628259625e-06,4.7930591505746913e-05,25.0,0.0005,11620.56528798,11620565.287978,,,,True
2013-04-08,2013Q2,230.0,6.69582628259625e-06,4.7930591505746913e-05,25.0,0.0005,17283.62160947,17283621.609473,,,,True
2013-04-15,2013Q2,90.0,6.69582628259625e-06,4.7930591505746913e-05,25.0,0.0005,6763.15628197,6763156.281968,,,,True
2013-04-22,2013Q2,90.866182,6.69582628259625e-06,4.7930591505746913e-05,25.0,0.0005,6828.24655124,6828246.551241,,,,True
2013-04-29,2013Q2,91.740701,6.69582628259625e-06,4.7930591505746913e-05,25.0,0.0005,6893.96331423,6893963.314225,,,,True
2013-05-06,2013Q2,92.623636,6.69582628259625e-06,4.7930591505746913e-05,25.0,0.0005,6960.31250747,6960312.507468,,,,True
2013-05-13,2013Q2,93.515069,6.69582628259625e-06,4.7930591505746913e-05,25.0,0.0005,7027.30029296,7027300.292955,,,,True
2013-05-20,2013Q2,94.415081,6.69582628259625e-06,4.7930591505746913e-05,25.0,0.0005,7094.93275753,7094932.757529,,,,True
2013-05-27,2013Q2,95.323755,1.93392582723867e-05,0.0001384358030146639,25.0,0.0005,2480.11843119,2480118.43119,,,,True
2013-06-03,2013Q2,96.241174,1.93392582723867e-05,0.0001384358030146639,25.0,0.0005,2503.98769411,2503987.694115,,,,True
2013-06-10,2013Q2,97.167423,2.1335329113983003e-05,0.0001527242346565894,25.0,0.0005,2291.56631521,2291566.315214,,,,True
2013-06-17,2013Q2,98.102586,2.1335329113983003e-05,0.0001527242346565894,25.0,0.0005,2313.62090886,2313620.908861,,,,True
2013-06-24,2013Q2,99.04675,2.6162875682569898e-05,0.0001872811590432523,25.0,0.0005,1904.87219942,1904872.19942,,,,True
2013-07-01,2013Q3,100.0,2.6162875682569898e-05,0.0001872811590432523,25.0,0.0005,1923.20515254,1923205.152537,,,,True
2013-07-08,2013Q3,102.03869,3.12569607277689e-05,0.00022374604016353966,25.0,0.0005,1642.5901672,1642590.167201,,,,True
2013-07-15,2013Q3,104.118942,3.12569607277689e-05,0.00022374604016353966,25.0,0.0005,1676.07747952,1676077.479518,,,,True
2013-07-22,2013Q3,106.241604,3.7392766136474605e-05,0.0002676678461052245,25.0,0.0005,1429.61177639,1429611.776388,,,,True
2013-07-29,2013Q3,108.407541,3.7392766136474605e-05,0.0002676678461052245,25.0,0.0005,1458.7571293,1458757.129296,,,,True
2013-08-05,2013Q3,110.617634,5.08103390482765e-05,0.0003637145741850322,25.0,0.0005,1095.42680449,1095426.804493,,,,True
2013-08-12,2013Q3,112.872785,5.08103390482765e-05,0.0003637145741850322,25.0,0.0005,1117.75916475,1117759.164752,,,,True
2013-08-19,2013Q3,115.173911,6.57500601490848e-05,0.0004706572634172535,25.0,0.0005,881.39189298,881391.89298,,,,True
2013-08-26,2013Q3,117.521949,6.57500601490848e-05,0.0004706572634172535,25.0,0.0005,899.36073366,899360.733663,,,,True
2013-09-02,2013Q3,119.917857,8.69330177711944e-05,0.0006222907804497779,25.0,0.0005,694.08106129,694081.061285,,,,True
2013-09-09,2013Q3,122.36261,8.69330177711944e-05,0.0006222907804497779,25.0,0.0005,708.2312204,708231.220397,,,,True
2013-09-16,2013Q3,124.857204,0.000112628548666347,0.000806226555196508,25.0,0.0005,557.79704464,557797.044635,,,,True
2013-09-23,2013Q3,127.402655,0.000112628548666347,0.000806226555196508,25.0,0.0005,569.16879572,569168.79572,,,,True
2013-09-30,2013Q3,130.0,0.000148819199805093,0.0010652893269662731,25.0,0.0005,439.53703957,439537.039568,,,,True
2013-10-07,2013Q4,165.569656,0.000189281249281033,0.0013549279590134337,25.0,0.0005,440.13331639,440133.316388,,,,True
2013-10-14,2013Q4,210.871623,0.000189281249281033,0.0013549279590134337,25.0,0.0005,560.55939842,560559.398415,,,,True
2013-10-21,2013Q4,268.568786,0.000267731249482421,0.0019164949344070252,25.0,0.0005,504.73981323,504739.813229,,,,True
2013-10-28,2013Q4,342.052628,0.000390928787638086,0.002798377263284181,25.0,0.0005,440.25710175,440257.101748,,,,True
2013-11-04,2013Q4,435.642584,0.000390928787638086,0.002798377263284181,25.0,0.0005,560.71705267,560717.052669,,,,True
2013-11-11,2013Q4,554.839945,0.000510929738016152,0.003657377525555368,25.0,0.0005,546.40873127,546408.731268,,,,True
2013-11-18,2013Q4,706.651223,0.000609482679888355,0.00436284696266487,25.0,0.0005,583.38443523,583384.435229,,,,True
2013-11-25,2013Q4,900.0,0.000609482679888355,0.00436284696266487,25.0,0.0005,743.00584874,743005.848737,,,,True
2013-12-02,2013Q4,1150.0,0.000707408283,0.005063825734007521,25.0,0.0005,817.97266594,817972.665943,,,,True
2013-12-09,2013Q4,850.0,0.000707408283,0.005063825734007521,25.0,0.0005,604.58849222,604588.492219,,,,True
2013-12-16,2013Q4,700.0,0.000908350862,0.006502228742639015,25.0,0.0005,387.75329662,387753.296617,,,,True
2013-12-23,2013Q4,740.897377,0.00118092319526,0.008453377504549204,25.0,0.0005,315.680311,315680.310998,,,,True
2013-12-30,2013Q4,784.184177,0.00118092319526,0.008453377504549204,25.0,0.0005,334.1238781,334123.878097,,,,True
2014-01-06,2014Q1,830.0,0.00141848139526,0.010153885337710248,25.0,0.0005,294.41880107,294418.801074,,,,True
2014-01-13,2014Q1,822.396145,0.001789546951,0.01281007604866919,25.0,0.0005,231.2325988,231232.598802,,,,True
2014-01-20,2014Q1,814.861951,0.001789546951,0.01281007604866919,25.0,0.0005,229.11421429,229114.214288,,,,True
2014-01-27,2014Q1,807.396781,0.001789546951,0.01281007604866919,25.0,0.0005,227.01523721,227015.237207,,,,True
2014-02-03,2014Q1,800.0,0.001789546951,0.01281007604866919,25.0,0.0005,224.93548902,224935.489018,,,,True
2014-02-10,2014Q1,650.0,0.001789546951,0.01281007604866919,25.0,0.0005,182.76008483,182760.084827,,,,True
2014-02-17,2014Q1,597.913037,0.001789546951,0.01281007604866919,25.0,0.0005,168.11482671,168114.826709,,,,True
2014-02-24,2014Q1,550.0,0.001789546951,0.01281007604866919,25.0,0.0005,154.6431487,154643.1487,,,,True
2014-03-03,2014Q1,500.0,0.00381572379881,0.027314014877429724,25.0,0.0005,65.93320163,65933.20163,,,,True
2014-03-10,2014Q1,507.061772,0.00381572379881,0.027314014877429724,25.0,0.0005,66.8644121,66864.412104,,,,True
2014-03-17,2014Q1,514.22328,0.00381572379881,0.027314014877429724,25.0,0.0005,67.80877441,67808.774406,,,,True
2014-03-24,2014Q1,521.485935,0.00381572379881,0.027314014877429724,25.0,0.0005,68.7664746,68766.474599,,,,True
2014-03-31,2014Q1,528.851164,0.00381572379881,0.027314014877429724,25.0,0.0005,69.73770086,69737.700856,,,,True
2014-04-07,2014Q2,536.320416,0.00381572379881,0.027314014877429724,25.0,0.0005,70.72264425,70722.644252,,,,True
2014-04-14,2014Q2,543.895161,0.00381572379881,0.027314014877429724,25.0,0.0005,71.72149863,71721.498631,,,,True
2014-04-21,2014Q2,551.576888,0.00381572379881,0.027314014877429724,25.0,0.0005,72.73446034,72734.460341,,,,True
2014-04-28,2014Q2,559.367108,0.00381572379881,0.027314014877429724,25.0,0.0005,73.76172863,73761.728633,,,,True
2014-05-05,2014Q2,567.267353,0.00381572379881,0.027314014877429724,25.0,0.0005,74.80350553,74803.505526,,,,True
2014-05-12,2014Q2,575.279178,0.00381572379881,0.027314014877429724,25.0,0.0005,75.85999607,75859.996073,,,,True
2014-05-19,2014Q2,583.404158,0.00381572379881,0.027314014877429724,25.0,0.0005,76.93140796,76931.407962,,,,True
2014-05-26,2014Q2,591.643892,0.00381572379881,0.027314014877429724,25.0,0.0005,78.01795205,78017.952048,,,,True
2014-06-02,2014Q2,600.0,0.0104557201385,0.07484496008497682,25.0,0.0005,28.8740957,28874.095702,,,,True
2014-06-09,2014Q2,589.788953,0.0104557201385,0.07484496008497682,25.0,0.0005,28.38270445,28382.704454,,,,True
2014-06-16,2014Q2,579.751682,0.0104557201385,0.07484496008497682,25.0,0.0005,27.89967592,27899.675915,,,,True
2014-06-23,2014Q2,569.88523,0.0104557201385,0.07484496008497682,25.0,0.0005,27.42486778,27424.867783,,,,True
2014-06-30,2014Q2,560.186689,0.0104557201385,0.07484496008497682,25.0,0.0005,26.95814011,26958.140115,,,,True
2014-07-07,2014Q3,550.653201,0.0104557201385,0.07484496008497682,25.0,0.0005,26.49935537,26499.355373,,,,True
2014-07-14,2014Q3,541.281959,0.0104557201385,0.07484496008497682,25.0,0.0005,26.04837848,26048.378476,,,,True
2014-07-21,2014Q3,532.0702,0.0104557201385,0.07484496008497682,25.0,0.0005,25.60507646,25605.076458,,,,True
2014-07-28,2014Q3,523.01521,0.0104557201385,0.07484496008497682,25.0,0.0005,25.16931871,25169.318711,,,,True
2014-08-04,2014Q3,514.114323,0.0104557201385,0.07484496008497682,25.0,0.0005,24.74097694,24740.97694,,,,True
2014-08-11,2014Q3,505.364914,0.0104557201385,0.07484496008497682,25.0,0.0005,24.31992482,24319.924818,,,,True
2014-08-18,2014Q3,496.764406,0.0104557201385,0.07484496008497682,25.0,0.0005,23.90603833,23906.038333,,,,True
2014-08-25,2014Q3,488.310265,0.0104557201385,0.07484496008497682,25.0,0.0005,23.49919554,23499.195539,,,,True
2014-09-01,2014Q3,480.0,0.0238446700388,0.17068679666759506,25.0,0.0005,10.12887034,10128.87034,,,,True
2014-09-08,2014Q3,471.451263,0.0238446700388,0.17068679666759506,25.0,0.0005,9.94847649,9948.476489,,,,True
2014-09-15,2014Q3,463.054778,0.0238446700388,0.17068679666759506,25.0,0.0005,9.77129543,9771.295431,,,,True
2014-09-22,2014Q3,454.807833,0.0238446700388,0.17068679666759506,25.0,0.0005,9.59726994,9597.269938,,,,True
2014-09-29,2014Q3,446.707765,0.0238446700388,0.17068679666759506,25.0,0.0005,9.42634382,9426.343816,,,,True
2014-10-06,2014Q4,438.751958,0.0238446700388,0.17068679666759506,25.0,0.0005,9.25846186,9258.461863,,,,True
2014-10-13,2014Q4,430.937843,0.0238446700388,0.17068679666759506,25.0,0.0005,9.09356987,9093.569867,,,,True
2014-10-20,2014Q4,423.262897,0.0238446700388,0.17068679666759506,25.0,0.0005,8.93161459,8931.614591,,,,True
2014-10-27,2014Q4,415.72464,0.0238446700388,0.17068679666759506,25.0,0.0005,8.7725437,8772.543699,,,,True
2014-11-03,2014Q4,408.320639,0.0238446700388,0.17068679666759506,25.0,0.0005,8.61630585,8616.305853,,,,True
2014-11-10,2014Q4,401.048502,0.0238446700388,0.17068679666759506,25.0,0.0005,8.46285058,8462.850577,,,,True
2014-11-17,2014Q4,393.905881,0.0238446700388,0.17068679666759506,25.0,0.0005,8.31212832,8312.128323,,,,True
2014-11-24,2014Q4,386.890469,0.0238446700388,0.17068679666759506,25.0,0.0005,8.16409041,8164.090409,,,,True
2014-12-01,2014Q4,380.0,0.0238446700388,0.17068679666759506,25.0,0.0005,8.01868902,8018.689019,,,,True
2014-12-08,2014Q4,364.019955,0.0238446700388,0.17068679666759506,25.0,0.0005,7.68148109,7681.481095,,,,True
2014-12-15,2014Q4,348.711915,0.0238446700388,0.17068679666759506,25.0,0.0005,7.35845369,7358.453694,,,,True
2014-12-22,2014Q4,334.047621,0.0238446700388,0.17068679666759506,25.0,0.0005,7.0490105,7049.010501,,,,True
2014-12-29,2014Q4,320.0,0.0238446700388,0.17068679666759506,25.0,0.0005,6.75258023,6752.580227,,,,True
2015-01-05,2015Q1,280.0,0.0394576713071,0.2824490130671868,25.0,0.0005,3.57057099,3570.57099,,,,True
2015-01-12,2015Q1,178.0,0.0394576713071,0.2824490130671868,25.0,0.0005,2.26986299,2269.862986,,,,True
2015-01-19,2015Q1,186.850511,0.0394576713071,0.2824490130671868,25.0,0.0005,2.38272505,2382.72505,,,,True
2015-01-26,2015Q1,196.141086,0.0394576713071,0.2824490130671868,25.0,0.0005,2.50119883,2501.198827,,,,True
2015-02-02,2015Q1,205.893607,0.0394576713071,0.2824490130671868,25.0,0.0005,2.62556336,2625.563358,,,,True
2015-02-09,2015Q1,216.131043,0.0394576713071,0.2824490130671868,25.0,0.0005,2.75611154,2756.111543,,,,True
2015-02-16,2015Q1,226.877504,0.0394576713071,0.2824490130671868,25.0,0.0005,2.89315084,2893.150836,,,,True
2015-02-23,2015Q1,238.1583,0.0394576713071,0.2824490130671868,25.0,0.0005,3.03700399,3037.003989,,,,True
2015-03-02,2015Q1,250.0,0.0466843763169,0.3341797825254041,25.0,0.0005,2.69450838,2694.508382,,,,True
2015-03-09,2015Q1,248.401639,0.0466843763169,0.3341797825254041,25.0,0.0005,2.67728119,2677.281194,,,,True
2015-03-16,2015Q1,246.813497,0.0466843763169,0.3341797825254041,25.0,0.0005,2.66016415,2660.164146,,,,True
2015-03-23,2015Q1,245.235509,0.0466843763169,0.3341797825254041,25.0,0.0005,2.64315654,2643.156538,,,,True
2015-03-30,2015Q1,243.667609,0.0466843763169,0.3341797825254041,25.0,0.0005,2.62625766,2626.257659,,,,True
2015-04-06,2015Q2,242.109734,0.0466843763169,0.3341797825254041,25.0,0.0005,2.60946683,2609.466831,,,,True
2015-04-13,2015Q2,240.561819,0.0466843763169,0.3341797825254041,25.0,0.0005,2.59278335,2592.783351,,,,True
2015-04-20,2015Q2,239.0238,0.0466843763169,0.3341797825254041,25.0,0.0005,2.57620653,2576.20653,,,,True
2015-04-27,2015Q2,237.495615,0.0466843763169,0.3341797825254041,25.0,0.0005,2.5597357,2559.735701,,,,True
2015-05-04,2015Q2,235.9772,0.0466843763169,0.3341797825254041,25.0,0.0005,2.54337017,2543.370173,,,,True
2015-05-11,2015Q2,234.468493,0.0466843763169,0.3341797825254041,25.0,0.0005,2.52710928,2527.109279,,,,True
2015-05-18,2015Q2,232.969431,0.0466843763169,0.3341797825254041,25.0,0.0005,2.51095234,2510.952338,,,,True
2015-05-25,2015Q2,231.479954,0.0466843763169,0.3341797825254041,25.0,0.0005,2.49489871,2494.898705,,,,True
2015-06-01,2015Q2,230.0,0.0475895911536,0.3406595627245382,25.0,0.0005,2.43179496,2431.794958,,,,True
2015-06-08,2015Q2,228.262967,0.0475895911536,0.3406595627245382,25.0,0.0005,2.41342927,2413.429271,,,,True
2015-06-15,2015Q2,226.539052,0.0475895911536,0.3406595627245382,25.0,0.0005,2.39520228,2395.20228,,,,True
2015-06-22,2015Q2,224.828157,0.0475895911536,0.3406595627245382,25.0,0.0005,2.37711295,2377.112951,,,,True
2015-06-29,2015Q2,223.130183,0.0475895911536,0.3406595627245382,25.0,0.0005,2.35916023,2359.160235,,,,True
2015-07-06,2015Q3,221.445033,0.0475895911536,0.3406595627245382,25.0,0.0005,2.34134311,2341.343108,,,,True
2015-07-13,2015Q3,219.77261,0.0475895911536,0.3406595627245382,25.0,0.0005,2.32366054,2323.660543,,,,True
2015-07-20,2015Q3,218.112817,0.0475895911536,0.3406595627245382,25.0,0.0005,2.30611152,2306.111516,,,,True
2015-07-27,2015Q3,216.46556,0.0475895911536,0.3406595627245382,25.0,0.0005,2.28869503,2288.695032,2.83,0.01153,7.06905,True
2015-08-03,2015Q3,214.830743,0.0522783048456,0.37422268267028386,25.0,0.0005,2.06769285,2067.692846,2.83,0.011825,6.89223,True
2015-08-10,2015Q3,213.208273,0.0522783048456,0.37422268267028386,25.0,0.0005,2.05207697,2052.076972,2.3006,0.012362,5.35996,True
2015-08-17,2015Q3,211.598056,0.0522783048456,0.37422268267028386,25.0,0.0005,2.03657903,2036.579031,1.8703,0.012922,4.1685,True
2015-08-24,2015Q3,210.0,0.0522783048456,0.37422268267028386,25.0,0.0005,2.02119814,2021.198137,1.5204,0.013508,3.24171,True
2015-08-31,2015Q3,219.034418,0.0522783048456,0.37422268267028386,25.0,0.0005,2.10815218,2108.152179,1.236,0.01412,2.52105,True
2015-09-07,2015Q3,228.457506,0.059335351233900005,0.42473898841045626,25.0,0.0005,1.93732733,1937.327331,1.1826,0.01476,2.30754,True
2015-09-14,2015Q3,238.285985,0.059335351233900005,0.42473898841045626,25.0,0.0005,2.02067316,2020.673163,1.1626,0.015429,2.17014,True
2015-09-21,2015Q3,248.537295,0.059335351233900005,0.42473898841045626,25.0,0.0005,2.10760462,2107.604617,1.1429,0.016128,2.04086,True
2015-09-28,2015Q3,259.229628,0.059335351233900005,0.42473898841045626,25.0,0.0005,2.19827596,2198.27596,1.1236,0.016859,1.9194,True
2015-10-05,2015Q4,270.381956,0.059335351233900005,0.42473898841045626,25.0,0.0005,2.29284808,2292.848076,1.1045,0.017623,1.80496,True
2015-10-12,2015Q4,282.014068,0.059335351233900005,0.42473898841045626,25.0,0.0005,2.39148878,2391.488777,1.0859,0.018422,1.69761,True
2015-10-19,2015Q4,294.146606,0.059335351233900005,0.42473898841045626,25.0,0.0005,2.49437311,2494.373107,1.0675,0.019257,1.59648,True
2015-10-26,2015Q4,306.801098,0.059335351233900005,0.42473898841045626,25.0,0.0005,2.60168362,2601.683625,1.0494,0.02013,1.50136,True
2015-11-02,2015Q4,320.0,0.059335351233900005,0.42473898841045626,25.0,0.0005,2.71361076,2713.610758,1.0317,0.021043,1.41203,True
2015-11-09,2015Q4,330.67974,0.059335351233900005,0.42473898841045626,25.0,0.0005,2.80417531,2804.175312,1.0142,0.021997,1.32789,True
2015-11-16,2015Q4,341.715907,0.059335351233900005,0.42473898841045626,25.0,0.0005,2.89776238,2897.762379,0.997,0.022994,1.24877,True
2015-11-23,2015Q4,353.120397,0.059335351233900005,0.42473898841045626,25.0,0.0005,2.99447284,2994.472838,0.9802,0.024036,1.17449,True
2015-11-30,2015Q4,364.905503,0.059335351233900005,0.42473898841045626,25.0,0.0005,3.09441093,3094.410933,0.9636,0.025125,1.10453,True
2015-12-07,2015Q4,377.083927,0.059335351233900005,0.42473898841045626,25.0,0.0005,3.19768438,3197.684378,0.9473,0.026264,1.03876,True
2015-12-14,2015Q4,389.668796,0.059335351233900005,0.42473898841045626,25.0,0.0005,3.30440449,3304.40449,0.9312,0.027455,0.97683,True
2015-12-21,2015Q4,402.673675,0.059335351233900005,0.42473898841045626,25.0,0.0005,3.4146863,3414.686301,0.9155,0.028699,0.91872,True
2015-12-28,2015Q4,416.112581,0.059335351233900005,0.42473898841045626,25.0,0.0005,3.52864868,3528.648676,0.9,0.03,0.864,True
2016-01-04,2016Q1,430.0,0.09344867079630001,0.668931641541298,25.0,0.00107,2.31661658,2316.616584,0.93,0.035239,0.76008,True
2016-01-11,2016Q1,428.306911,0.09344867079630001,0.668931641541298,25.0,0.00125,2.30791097,2307.910969,1.2356,0.041392,0.85972,True
2016-01-18,2016Q1,426.620489,0.09344867079630001,0.668931641541298,25.0,0.00142,2.29921512,2299.215122,1.6417,0.04862,0.97247,True
2016-01-25,2016Q1,424.940707,0.09344867079630001,0.668931641541298,25.0,0.00159,2.2905521,2290.552105,2.1813,0.05711,1.10002,True
2016-02-01,2016Q1,423.267539,0.09344867079630001,0.668931641541298,25.0,0.00176,2.28192179,2281.921794,2.8982,0.067082,1.24427,True
2016-02-08,2016Q1,421.600958,0.09344867079630001,0.668931641541298,25.0,0.00194,2.27334684,2273.34684,3.8507,0.078796,1.40744,True
2016-02-15,2016Q1,419.94094,0.09344867079630001,0.668931641541298,25.0,0.00211,2.26478149,2264.781491,5.1162,0.092555,1.59199,True
2016-02-22,2016Q1,418.287458,0.09344867079630001,0.668931641541298,25.0,0.00228,2.25624848,2256.248478,6.7977,0.108717,1.80077,True
2016-02-29,2016Q1,416.640487,0.09344867079630001,0.668931641541298,25.0,0.00245,2.24774768,2247.747683,9.0317,0.127701,2.03689,True
2016-03-07,2016Q1,415.0,0.165496835118,1.1846724907055237,25.0,0.00263,1.2644335,1264.433498,12.0,0.15,2.304,True
2016-03-14,2016Q1,431.658045,0.165496835118,1.1846724907055237,25.0,0.0028,1.3154119,1315.4119,12.5112,0.171768,2.09773,True
2016-03-21,2016Q1,448.984742,0.165496835118,1.1846724907055237,25.0,0.00297,1.36844565,1368.44565,13.0442,0.196695,1.90993,True
2016-03-28,2016Q1,467.00693,0.165496835118,1.1846724907055237,25.0,0.00315,1.42363189,1423.631894,13.5999,0.225239,1.73894,True
2016-04-04,2016Q2,485.752526,0.165496835118,1.1846724907055237,25.0,0.00332,1.48102886,1481.028859,14.1793,0.257925,1.58326,True
2016-04-11,2016Q2,505.250569,0.165496835118,1.1846724907055237,25.0,0.00349,1.54073996,1540.739962,14.7834,0.295355,1.44153,True
2016-04-18,2016Q2,525.53126,0.165496835118,1.1846724907055237,25.0,0.00366,1.6028585,1602.858501,15.4132,0.338217,1.31247,True
2016-04-25,2016Q2,546.626015,0.165496835118,1.1846724907055237,25.0,0.00384,1.66749828,1667.49828,16.0698,0.387298,1.19497,True
2016-05-02,2016Q2,568.567511,0.165496835118,1.1846724907055237,25.0,0.00401,1.73472748,1734.727481,16.7545,0.443503,1.088,True
2016-05-09,2016Q2,591.389735,0.165496835118,1.1846724907055237,25.0,0.00418,1.80466724,1804.66724,17.4682,0.507863,0.99059,True
2016-05-16,2016Q2,615.128041,0.165496835118,1.1846724907055237,25.0,0.00435,1.87742685,1877.426847,18.2124,0.581564,0.90191,True
2016-05-23,2016Q2,639.819199,0.165496835118,1.1846724907055237,25.0,0.00453,1.95313961,1953.139613,18.9883,0.66596,0.82117,True
2016-05-30,2016Q2,665.501457,0.165496835118,1.1846724907055237,25.0,0.0047,2.03188537,2031.885371,19.7973,0.762603,0.74765,True
2016-06-06,2016Q2,692.214598,0.209453158595,1.499324110349044,25.0,0.00487,1.67019781,1670.197813,20.6407,0.873272,0.68072,True
2016-06-13,2016Q2,720.0,0.209453158595,1.499324110349044,25.0,0.00504,1.73753616,1737.536158,21.52,1.0,0.61978,True
2016-06-20,2016Q2,699.417202,0.209453158595,1.499324110349044,25.0,0.00522,1.68817024,1688.170241,9.96,1.091393,0.26283,True
2016-06-27,2016Q2,679.422809,0.209453158595,1.499324110349044,25.0,0.00539,1.64019044,1640.190443,10.9325,1.191138,0.26433,True
2016-07-04,2016Q3,660.0,0.209453158595,1.499324110349044,25.0,0.00556,1.59357433,1593.574335,12.0,1.3,0.26585,True
2016-07-11,2016Q3,639.020734,0.213492501107,1.528238850326348,12.5,0.00573,0.75699303,756.993034,12.1482,1.363737,0.25655,True
2016-07-18,2016Q3,618.708332,0.213492501107,1.528238850326348,12.5,0.00591,0.73306339,733.063386,12.2982,1.4306,0.24758,True
2016-07-25,2016Q3,599.041595,0.213492501107,1.528238850326348,12.5,0.00608,0.70988307,709.883069,12.45,1.50074,0.23892,True
2016-08-01,2016Q3,580.0,0.213492501107,1.528238850326348,12.5,0.00625,0.68743576,687.435761,11.0,1.57432,0.20123,True
2016-08-08,2016Q3,585.87958,0.213492501107,1.528238850326348,12.5,0.00642,0.69452325,694.523252,11.2849,1.651507,0.19679,True
2016-08-15,2016Q3,591.818763,0.213492501107,1.528238850326348,12.5,0.0066,0.7016909,701.690898,11.5771,1.732478,0.19245,True
2016-08-22,2016Q3,597.818153,0.213492501107,1.528238850326348,12.5,0.00677,0.7089254,708.925403,11.8769,1.81742,0.18821,True
2016-08-29,2016Q3,603.87836,0.213492501107,1.528238850326348,12.5,0.00694,0.71623452,716.234517,12.1845,1.906525,0.18406,True
2016-09-05,2016Q3,610.0,0.217375482757,1.5560343156558782,12.5,0.00712,0.71070015,710.70015,12.5,2.0,0.18,True
2016-09-12,2016Q3,622.294162,0.217375482757,1.5560343156558782,12.5,0.00729,0.72514802,725.148019,12.2602,2.107221,0.16756,True
2016-09-19,2016Q3,634.836105,0.217375482757,1.5560343156558782,12.5,0.00746,0.73988962,739.889621,12.0249,2.220189,0.15599,True
2016-09-26,2016Q3,647.630823,0.217375482757,1.5560343156558782,12.5,0.00763,0.75493093,754.930928,11.7942,2.339214,0.14521,True
2016-10-03,2016Q4,660.68341,0.217375482757,1.5560343156558782,12.5,0.00781,0.7702858,770.285798,11.5679,2.46462,0.13518,True
2016-10-10,2016Q4,673.999064,0.217375482757,1.5560343156558782,12.5,0.00798,0.78594508,785.945081,11.346,2.596749,0.12584,True
2016-10-17,2016Q4,687.583086,0.217375482757,1.5560343156558782,12.5,0.00815,0.80192273,801.922727,11.1283,2.735962,0.11714,True
2016-10-24,2016Q4,701.440886,0.217375482757,1.5560343156558782,12.5,0.00832,0.81822521,818.225211,10.9148,2.882637,0.10905,True
2016-10-31,2016Q4,715.577981,0.217375482757,1.5560343156558782,12.5,0.0085,0.83486756,834.867557,10.7054,3.037176,0.10151,True
2016-11-07,2016Q4,730.0,0.254620187304,1.8226422956201238,12.5,0.00867,0.72723651,727.236507,10.5,3.2,0.0945,True
2016-11-14,2016Q4,759.128829,0.254620187304,1.8226422956201238,12.5,0.00884,0.75638478,756.384775,10.0999,3.35971,0.08658,True
2016-11-21,2016Q4,789.419972,0.28676576682,2.0527493168404365,12.5,0.00901,0.6985145,698.514501,9.7151,3.527391,0.07932,True
2016-11-28,2016Q4,820.919807,0.28676576682,2.0527493168404365,12.5,0.00919,0.72651894,726.518942,9.3449,3.70344,0.07267,True
2016-12-05,2016Q4,853.676564,0.310153855703,2.2201677782878133,12.5,0.00936,0.69865731,698.657312,8.9888,3.888277,0.06658,True
2016-12-12,2016Q4,887.740398,0.310153855703,2.2201677782878133,12.5,0.00953,0.72666019,726.660189,8.6463,4.082338,0.061,True
2016-12-19,2016Q4,923.163465,0.317688400354,2.2741021497316414,12.5,0.0097,0.73786068,737.860677,8.3169,4.286084,0.05588,True
2016-12-26,2016Q4,960.0,0.336899932795,2.4116236556318715,12.5,0.00988,0.72367967,723.679666,8.0,4.5,0.0512,True
