quarter,weeks,btc_block_subsidy,btc_usd_open,btc_usd_close,btc_usd_high,btc_usd_low,btc_usd_avg,btc_difficulty_T_open,btc_difficulty_T_close,btc_hashrate_EHs_open,btc_hashrate_EHs_close,btc_hashprice_usd_th_day_open,btc_hashprice_usd_th_day_close,eth_usd_open,eth_usd_close,estimate
2009Q1,13,50.0,0.0,0.0,0.0,0.0,0.0,1e-12,1e-12,7.158278826666667e-12,7.158278826666667e-12,0.0,0.0,,,True
2009Q2,13,50.0,0.0,0.0,0.0,0.0,0.0,1e-12,1e-12,7.158278826666667e-12,7.158278826666667e-12,0.0,0.0,,,True
2009Q3,13,50.0,0.0,0.0,0.0,0.0,0.0,1e-12,1e-12,7.158278826666667e-12,7.158278826666667e-12,0.0,0.0,,,True
2009Q4,13,50.0,0.0,0.0,0.0,0.0,0.0,1e-12,1e-12,7.158278826666667e-12,7.158278826666667e-12,0.0,0.0,,,True
2010Q1,13,50.0,0.0,0.003302,0.003302,0.0,0.001211,1.1828995343128399e-12,1.81864853614541e-12,8.467524690545461e-12,1.3018393309438018e-11,0.0,1827129.70649986,,,True
2010Q2,13,50.0,0.003382,0.019392,0.019392,0.003382,0.00664,4.56516291033707e-12,1.73814881581401e-11,3.2678709001349825e-11,1.2442153865837168e-10,745518.47472429,1122733.63301365,,,True
2010Q3,13,50.0,0.026591,0.165096,0.165096,0.026591,0.08733,1.94047963283822e-11,6.23386959868928e-10,1.389049426932374e-10,4.46237767564985e-09,1379007.62761748,266513.93704552,,,True
2010Q4,13,50.0,0.186043,0.3,0.3,0.186043,0.276782,9.17830741301512e-10,6.8668986489727404e-09,6.5700883619223844e-09,4.91551752038075e-08,203981.98867645,43964.45605798,,,True
2011Q1,13,50.0,0.3,0.777461,1.0,0.3,0.742226,1.44841623612254e-08,2.2012381337993897e-08,1.0368167275236206e-07,1.575707632562742e-07,20843.41892739,35542.88463159,,,True
2011Q2,13,50.0,0.75,14.73092,29.0,0.75,10.240155,6.897778463020961e-08,8.76954493513537e-07,4.937622152288027e-07,6.277484782868142e-06,10941.90925114,16904.17189549,,,True
2011Q3,13,50.0,14.0,5.280024,14.0,5.280024,9.679658,8.76954493513537e-07,1.88878670535305e-06,6.277484782868142e-06,1.352046188101823e-05,16065.41930422,2813.15762212,,,True
2011Q4,13,50.0,4.597107,4.53748,4.597107,2.3,3.403705,1.6893344045971001e-06,1.19249775008948e-06,1.209272669958696e-05,8.536231395313163e-06,2738.48314667,3829.11352632,,,True
2012Q1,13,50.0,5.0,5.769271,5.769271,5.0,5.376229,1.15992949722438e-06,1.15992949722438e-06,8.303098760407392e-06,8.303098760407392e-06,4337.89962565,5005.30370223,,,True
2012Q2,13,50.0,5.838485,7.339042,7.339042,5.838485,6.368869,1.62655348132894e-06,1.62655348132894e-06,1.1643323345837906e-05,1.1643323345837906e-05,3612.20931613,4540.58816351,,,True
2012Q3,13,50.0,7.642135,11.357219,11.357219,7.642135,9.693744,1.75145453534068e-06,2.44064260691596e-06,1.2537399916198493e-05,1.7470800296547054e-05,4390.93415036,4682.83546563,,,True
2012Q4,14,25.0,11.478852,13.327943,13.327943,11.478852,12.343595,2.44064260691596e-06,3.36876714053294e-06,1.7470800296547054e-05,2.4114574494047355e-05,4732.98747258,1990.68812557,,,True
2013Q1,12,25.0,13.5,103.97115,103.97115,13.5,37.183669,3.37018179927784e-06,3.37018179927784e-06,2.4124701015787934e-05,2.4124701015787934e-05,2015.54050864,15522.81959664,,,True
2013Q2,13,25.0,154.639466,99.04675,230.0,90.0,109.513986,6.69582628259625e-06,2.6162875682569898e-05,4.7930591505746913e-05,0.0001872811590432523,11620.56528798,1904.87219942,,,True
2013Q3,14,25.0,100.0,130.0,130.0,100.0,114.395242,2.6162875682569898e-05,0.000148819199805093,0.0001872811590432523,0.0010652893269662731,1923.20515254,439.53703957,,,True
2013Q4,13,25.0,165.569656,784.184177,1150.0,165.569656,600.713692,0.000189281249281033,0.00118092319526,0.0013549279590134337,0.008453377504549204,440.13331639,334.1238781,,,True
2014Q1,13,25.0,830.0,528.851164,830.0,500.0,649.553082,0.00141848139526,0.00381572379881,0.010153885337710248,0.027314014877429724,294.41880107,69.73770086,,,True
2014Q2,13,25.0,536.320416,560.186689,600.0,536.320416,569.874362,0.00381572379881,0.0104557201385,0.027314014877429724,0.07484496008497682,70.72264425,26.95814011,,,True
2014Q3,13,25.0,550.653201,446.707765,550.653201,446.707765,497.507394,0.0104557201385,0.0238446700388,0.07484496008497682,0.17068679666759506,26.49935537,9.42634382,,,True
2014Q4,13,25.0,438.751958,320.0,438.751958,320.0,388.124794,0.0238446700388,0.0238446700388,0.17068679666759506,0.17068679666759506,9.25846186,6.75258023,,,True
2015Q1,13,25.0,280.0,243.667609,280.0,178.0,227.859254,0.0394576713071,0.0466843763169,0.2824490130671868,0.3341797825254041,3.57057099,2.62625766,,,True
2015Q2,13,25.0,242.109734,223.130183,242.109734,223.130183,232.834339,0.0466843763169,0.0475895911536,0.3341797825254041,0.3406595627245382,2.60946683,2.35916023,,,True
2015Q3,13,25.0,221.445033,259.229628,259.229628,210.0,224.536763,0.0475895911536,0.059335351233900005,0.3406595627245382,0.42473898841045626,2.34134311,2.19827596,2.83,1.1236,True
2015Q4,13,25.0,270.381956,416.112581,416.112581,270.381956,342.254173,0.059335351233900005,0.059335351233900005,0.42473898841045626,0.42473898841045626,2.29284808,3.52864868,1.1045,0.9,True
2016Q1,13,25.0,430.0,467.00693,467.00693,415.0,428.635016,0.09344867079630001,0.165496835118,0.668931641541298,1.1846724907055237,2.31661658,1.42363189,0.93,13.5999,True
2016Q2,13,25.0,485.752526,679.422809,720.0,485.752526,610.355456,0.165496835118,0.209453158595,1.1846724907055237,1.499324110349044,1.48102886,1.64019044,14.1793,10.9325,True
2016Q3,13,12.5,660.0,647.630823,660.0,580.0,614.686662,0.209453158595,0.217375482757,1.499324110349044,1.5560343156558782,1.59357433,0.75493093,12.0,11.7942,True
2016Q4,13,12.5,660.68341,960.0,960.0,660.68341,781.794882,0.217375482757,0.336899932795,1.5560343156558782,2.4116236556318715,0.7702858,0.72367967,11.5679,8.0,True
